{"level":"DEBUG","location":"[get_call:140] fyersModel","message":{"Status Code":401,"API":"/quotes"},"timestamp":"2026-07-28 21:55:15,701+0200","service":"FyersAPIRequest"}
{"level":"DEBUG","location":"[get_call:140] fyersModel","message":{"Status Code":401,"API":"/quotes"},"timestamp":"2026-07-28 21:55:16,314+0200","service":"FyersAPIRequest"}
{"level":"DEBUG","location":"[get_call:140] fyersModel","message":{"Status Code":401,"API":"/quotes"},"timestamp":"2026-07-28 21:55:16,830+0200","service":"FyersAPIRequest"}
{"level":"DEBUG","location":"[get_call:140] fyersModel","message":{"Status Code":401,"API":"/quotes"},"timestamp":"2026-07-28 21:55:17,548+0200","service":"FyersAPIRequest"}
{"level":"DEBUG","location":"[get_call:140] fyersModel","message":{"Status Code":401,"API":"/quotes"},"timestamp":"2026-07-28 21:55:18,205+0200","service":"FyersAPIRequest"}
{"level":"DEBUG","location":"[get_call:140] fyersModel","message":{"Status Code":401,"API":"/quotes"},"timestamp":"2026-07-28 21:55:18,847+0200","service":"FyersAPIRequest"}
{"level":"DEBUG","location":"[get_call:140] fyersModel","message":{"Status Code":401,"API":"/quotes"},"timestamp":"2026-07-28 21:55:19,465+0200","service":"FyersAPIRequest"}
{"level":"DEBUG","location":"[get_call:140] fyersModel","message":{"Status Code":401,"API":"/quotes"},"timestamp":"2026-07-28 21:55:20,102+0200","service":"FyersAPIRequest"}
{"level":"DEBUG","location":"[get_call:140] fyersModel","message":{"Status Code":401,"API":"/quotes"},"timestamp":"2026-07-28 21:55:20,717+0200","service":"FyersAPIRequest"}
{"level":"DEBUG","location":"[get_call:140] fyersModel","message":{"Status Code":401,"API":"/quotes"},"timestamp":"2026-07-28 21:58:36,108+0200","service":"FyersAPIRequest"}
{"level":"DEBUG","location":"[get_call:140] fyersModel","message":{"Status Code":401,"API":"/quotes"},"timestamp":"2026-07-28 21:58:37,228+0200","service":"FyersAPIRequest"}
{"level":"DEBUG","location":"[get_call:140] fyersModel","message":{"Status Code":401,"API":"/quotes"},"timestamp":"2026-07-28 21:58:38,219+0200","service":"FyersAPIRequest"}
{"level":"DEBUG","location":"[get_call:140] fyersModel","message":{"Status Code":401,"API":"/quotes"},"timestamp":"2026-07-28 21:58:39,234+0200","service":"FyersAPIRequest"}
{"level":"DEBUG","location":"[get_call:140] fyersModel","message":{"Status Code":401,"API":"/quotes"},"timestamp":"2026-07-28 21:58:40,440+0200","service":"FyersAPIRequest"}
{"level":"DEBUG","location":"[get_call:140] fyersModel","message":{"Status Code":401,"API":"/quotes"},"timestamp":"2026-07-28 21:58:41,528+0200","service":"FyersAPIRequest"}
{"level":"DEBUG","location":"[get_call:140] fyersModel","message":{"Status Code":401,"API":"/quotes"},"timestamp":"2026-07-28 21:58:42,560+0200","service":"FyersAPIRequest"}
{"level":"DEBUG","location":"[get_call:140] fyersModel","message":{"Status Code":401,"API":"/quotes"},"timestamp":"2026-07-28 21:58:43,589+0200","service":"FyersAPIRequest"}
{"level":"DEBUG","location":"[get_call:140] fyersModel","message":{"Status Code":401,"API":"/quotes"},"timestamp":"2026-07-28 21:58:44,684+0200","service":"FyersAPIRequest"}
{"level":"DEBUG","location":"[get_call:140] fyersModel","message":{"Status Code":401,"API":"/quotes"},"timestamp":"2026-07-28 21:58:45,711+0200","service":"FyersAPIRequest"}
{"level":"DEBUG","location":"[get_call:140] fyersModel","message":{"Status Code":429,"API":"/quotes"},"timestamp":"2026-07-28 21:58:46,607+0200","service":"FyersAPIRequest"}
{"level":"DEBUG","location":"[get_call:140] fyersModel","message":{"Status Code":429,"API":"/quotes"},"timestamp":"2026-07-28 21:58:47,502+0200","service":"FyersAPIRequest"}
{"level":"DEBUG","location":"[get_call:140] fyersModel","message":{"Status Code":429,"API":"/quotes"},"timestamp":"2026-07-28 21:58:48,396+0200","service":"FyersAPIRequest"}
{"level":"DEBUG","location":"[get_call:140] fyersModel","message":{"Status Code":429,"API":"/quotes"},"timestamp":"2026-07-28 21:58:49,583+0200","service":"FyersAPIRequest"}
{"level":"DEBUG","location":"[get_call:140] fyersModel","message":{"Status Code":429,"API":"/quotes"},"timestamp":"2026-07-28 21:58:50,528+0200","service":"FyersAPIRequest"}
{"level":"DEBUG","location":"[get_call:140] fyersModel","message":{"Status Code":429,"API":"/quotes"},"timestamp":"2026-07-28 21:58:51,404+0200","service":"FyersAPIRequest"}
{"level":"DEBUG","location":"[get_call:140] fyersModel","message":{"Status Code":429,"API":"/quotes"},"timestamp":"2026-07-28 21:58:52,285+0200","service":"FyersAPIRequest"}
{"level":"DEBUG","location":"[get_call:140] fyersModel","message":{"Status Code":429,"API":"/quotes"},"timestamp":"2026-07-28 21:58:53,174+0200","service":"FyersAPIRequest"}
{"level":"DEBUG","location":"[get_call:140] fyersModel","message":{"Status Code":429,"API":"/quotes"},"timestamp":"2026-07-28 21:58:54,089+0200","service":"FyersAPIRequest"}
{"level":"DEBUG","location":"[get_call:140] fyersModel","message":{"Status Code":429,"API":"/quotes"},"timestamp":"2026-07-28 21:58:55,031+0200","service":"FyersAPIRequest"}
{"level":"DEBUG","location":"[get_call:140] fyersModel","message":{"Status Code":429,"API":"/quotes"},"timestamp":"2026-07-28 21:58:55,963+0200","service":"FyersAPIRequest"}
{"level":"DEBUG","location":"[get_call:140] fyersModel","message":{"Status Code":429,"API":"/quotes"},"timestamp":"2026-07-28 21:58:56,871+0200","service":"FyersAPIRequest"}
{"level":"DEBUG","location":"[get_call:140] fyersModel","message":{"Status Code":429,"API":"/quotes"},"timestamp":"2026-07-28 21:58:57,780+0200","service":"FyersAPIRequest"}
{"level":"DEBUG","location":"[get_call:140] fyersModel","message":{"Status Code":429,"API":"/quotes"},"timestamp":"2026-07-28 21:58:58,686+0200","service":"FyersAPIRequest"}
{"level":"DEBUG","location":"[get_call:140] fyersModel","message":{"Status Code":429,"API":"/quotes"},"timestamp":"2026-07-28 21:58:59,640+0200","service":"FyersAPIRequest"}
{"level":"DEBUG","location":"[get_call:140] fyersModel","message":{"Status Code":429,"API":"/quotes"},"timestamp":"2026-07-28 21:59:00,597+0200","service":"FyersAPIRequest"}
{"level":"DEBUG","location":"[get_call:140] fyersModel","message":{"Status Code":429,"API":"/quotes"},"timestamp":"2026-07-28 22:04:27,741+0200","service":"FyersAPIRequest"}
{"level":"DEBUG","location":"[get_call:140] fyersModel","message":{"Status Code":429,"API":"/quotes"},"timestamp":"2026-07-28 22:04:28,218+0200","service":"FyersAPIRequest"}
{"level":"DEBUG","location":"[get_call:140] fyersModel","message":{"Status Code":429,"API":"/quotes"},"timestamp":"2026-07-28 22:04:28,649+0200","service":"FyersAPIRequest"}
{"level":"DEBUG","location":"[get_call:140] fyersModel","message":{"Status Code":429,"API":"/quotes"},"timestamp":"2026-07-28 22:04:28,991+0200","service":"FyersAPIRequest"}
{"level":"DEBUG","location":"[get_call:140] fyersModel","message":{"Status Code":429,"API":"/quotes"},"timestamp":"2026-07-28 22:04:29,374+0200","service":"FyersAPIRequest"}
{"level":"DEBUG","location":"[get_call:140] fyersModel","message":{"Status Code":429,"API":"/quotes"},"timestamp":"2026-07-28 22:04:29,826+0200","service":"FyersAPIRequest"}
{"level":"DEBUG","location":"[get_call:140] fyersModel","message":{"Status Code":429,"API":"/quotes"},"timestamp":"2026-07-28 22:04:30,328+0200","service":"FyersAPIRequest"}
{"level":"DEBUG","location":"[get_call:140] fyersModel","message":{"Status Code":429,"API":"/quotes"},"timestamp":"2026-07-28 22:04:30,776+0200","service":"FyersAPIRequest"}
{"level":"DEBUG","location":"[get_call:140] fyersModel","message":{"Status Code":429,"API":"/quotes"},"timestamp":"2026-07-28 22:04:31,207+0200","service":"FyersAPIRequest"}
{"level":"DEBUG","location":"[get_call:140] fyersModel","message":{"Status Code":429,"API":"/quotes"},"timestamp":"2026-07-28 22:05:19,576+0200","service":"FyersAPIRequest"}
{"level":"DEBUG","location":"[get_call:140] fyersModel","message":{"Status Code":429,"API":"/quotes"},"timestamp":"2026-07-28 22:05:20,057+0200","service":"FyersAPIRequest"}
{"level":"DEBUG","location":"[get_call:140] fyersModel","message":{"Status Code":429,"API":"/quotes"},"timestamp":"2026-07-28 22:05:20,661+0200","service":"FyersAPIRequest"}
{"level":"DEBUG","location":"[get_call:140] fyersModel","message":{"Status Code":429,"API":"/quotes"},"timestamp":"2026-07-28 22:05:21,190+0200","service":"FyersAPIRequest"}
{"level":"DEBUG","location":"[get_call:140] fyersModel","message":{"Status Code":429,"API":"/quotes"},"timestamp":"2026-07-28 22:05:21,688+0200","service":"FyersAPIRequest"}
{"level":"DEBUG","location":"[get_call:140] fyersModel","message":{"Status Code":429,"API":"/quotes"},"timestamp":"2026-07-28 22:05:22,208+0200","service":"FyersAPIRequest"}
{"level":"DEBUG","location":"[get_call:140] fyersModel","message":{"Status Code":429,"API":"/quotes"},"timestamp":"2026-07-28 22:05:22,711+0200","service":"FyersAPIRequest"}
{"level":"DEBUG","location":"[get_call:140] fyersModel","message":{"Status Code":429,"API":"/quotes"},"timestamp":"2026-07-28 22:05:23,197+0200","service":"FyersAPIRequest"}
{"level":"DEBUG","location":"[get_call:140] fyersModel","message":{"Status Code":429,"API":"/quotes"},"timestamp":"2026-07-28 22:05:23,892+0200","service":"FyersAPIRequest"}
{"level":"DEBUG","location":"[get_call:140] fyersModel","message":{"Status Code":429,"API":"/quotes"},"timestamp":"2026-07-28 22:05:24,790+0200","service":"FyersAPIRequest"}
{"level":"DEBUG","location":"[get_call:140] fyersModel","message":{"Status Code":429,"API":"/quotes"},"timestamp":"2026-07-28 22:05:25,720+0200","service":"FyersAPIRequest"}
{"level":"DEBUG","location":"[get_call:140] fyersModel","message":{"Status Code":429,"API":"/quotes"},"timestamp":"2026-07-28 22:05:26,638+0200","service":"FyersAPIRequest"}
{"level":"DEBUG","location":"[get_call:140] fyersModel","message":{"Status Code":429,"API":"/quotes"},"timestamp":"2026-07-28 22:05:27,590+0200","service":"FyersAPIRequest"}
{"level":"DEBUG","location":"[get_call:140] fyersModel","message":{"Status Code":429,"API":"/quotes"},"timestamp":"2026-07-28 22:05:50,877+0200","service":"FyersAPIRequest"}
{"level":"DEBUG","location":"[get_call:140] fyersModel","message":{"Status Code":429,"API":"/quotes"},"timestamp":"2026-07-28 22:05:51,827+0200","service":"FyersAPIRequest"}
{"level":"DEBUG","location":"[get_call:140] fyersModel","message":{"Status Code":429,"API":"/quotes"},"timestamp":"2026-07-28 22:05:52,730+0200","service":"FyersAPIRequest"}
{"level":"DEBUG","location":"[get_call:140] fyersModel","message":{"Status Code":429,"API":"/quotes"},"timestamp":"2026-07-28 22:05:53,625+0200","service":"FyersAPIRequest"}
{"level":"DEBUG","location":"[get_call:140] fyersModel","message":{"Status Code":429,"API":"/quotes"},"timestamp":"2026-07-28 22:05:54,541+0200","service":"FyersAPIRequest"}
{"level":"DEBUG","location":"[get_call:140] fyersModel","message":{"Status Code":429,"API":"/quotes"},"timestamp":"2026-07-28 22:05:55,443+0200","service":"FyersAPIRequest"}
{"level":"DEBUG","location":"[get_call:140] fyersModel","message":{"Status Code":429,"API":"/quotes"},"timestamp":"2026-07-28 22:05:56,346+0200","service":"FyersAPIRequest"}
{"level":"DEBUG","location":"[get_call:140] fyersModel","message":{"Status Code":429,"API":"/quotes"},"timestamp":"2026-07-28 22:05:57,252+0200","service":"FyersAPIRequest"}
{"level":"DEBUG","location":"[get_call:140] fyersModel","message":{"Status Code":429,"API":"/quotes"},"timestamp":"2026-07-28 22:05:58,350+0200","service":"FyersAPIRequest"}
{"level":"DEBUG","location":"[get_call:140] fyersModel","message":{"Status Code":429,"API":"/quotes"},"timestamp":"2026-07-28 22:05:58,415+0200","service":"FyersAPIRequest"}
{"level":"DEBUG","location":"[get_call:140] fyersModel","message":{"Status Code":429,"API":"/quotes"},"timestamp":"2026-07-28 22:05:59,426+0200","service":"FyersAPIRequest"}
{"level":"DEBUG","location":"[get_call:140] fyersModel","message":{"Status Code":429,"API":"/quotes"},"timestamp":"2026-07-28 22:05:59,474+0200","service":"FyersAPIRequest"}
{"level":"DEBUG","location":"[get_call:140] fyersModel","message":{"Status Code":429,"API":"/quotes"},"timestamp":"2026-07-28 22:06:00,511+0200","service":"FyersAPIRequest"}
{"level":"DEBUG","location":"[get_call:140] fyersModel","message":{"Status Code":429,"API":"/quotes"},"timestamp":"2026-07-28 22:06:00,541+0200","service":"FyersAPIRequest"}
{"level":"DEBUG","location":"[get_call:140] fyersModel","message":{"Status Code":429,"API":"/quotes"},"timestamp":"2026-07-28 22:06:01,566+0200","service":"FyersAPIRequest"}
{"level":"DEBUG","location":"[get_call:140] fyersModel","message":{"Status Code":429,"API":"/quotes"},"timestamp":"2026-07-28 22:06:01,614+0200","service":"FyersAPIRequest"}
{"level":"DEBUG","location":"[get_call:140] fyersModel","message":{"Status Code":429,"API":"/quotes"},"timestamp":"2026-07-28 22:06:02,622+0200","service":"FyersAPIRequest"}
{"level":"DEBUG","location":"[get_call:140] fyersModel","message":{"Status Code":429,"API":"/quotes"},"timestamp":"2026-07-28 22:06:02,672+0200","service":"FyersAPIRequest"}
{"level":"DEBUG","location":"[get_call:140] fyersModel","message":{"Status Code":429,"API":"/quotes"},"timestamp":"2026-07-28 22:06:03,576+0200","service":"FyersAPIRequest"}
{"level":"DEBUG","location":"[get_call:140] fyersModel","message":{"Status Code":429,"API":"/quotes"},"timestamp":"2026-07-28 22:06:04,463+0200","service":"FyersAPIRequest"}
{"level":"DEBUG","location":"[get_call:140] fyersModel","message":{"Status Code":429,"API":"/quotes"},"timestamp":"2026-07-28 22:06:05,379+0200","service":"FyersAPIRequest"}
{"level":"DEBUG","location":"[get_call:140] fyersModel","message":{"Status Code":429,"API":"/quotes"},"timestamp":"2026-07-28 22:06:06,290+0200","service":"FyersAPIRequest"}
{"level":"DEBUG","location":"[get_call:140] fyersModel","message":{"Status Code":429,"API":"/quotes"},"timestamp":"2026-07-28 22:06:07,174+0200","service":"FyersAPIRequest"}
{"level":"DEBUG","location":"[get_call:140] fyersModel","message":{"Status Code":429,"API":"/quotes"},"timestamp":"2026-07-28 22:06:08,078+0200","service":"FyersAPIRequest"}
{"level":"DEBUG","location":"[get_call:140] fyersModel","message":{"Status Code":429,"API":"/quotes"},"timestamp":"2026-07-28 22:06:09,032+0200","service":"FyersAPIRequest"}
{"level":"DEBUG","location":"[get_call:140] fyersModel","message":{"Status Code":429,"API":"/quotes"},"timestamp":"2026-07-28 22:06:09,905+0200","service":"FyersAPIRequest"}
{"level":"DEBUG","location":"[get_call:140] fyersModel","message":{"Status Code":429,"API":"/quotes"},"timestamp":"2026-07-28 22:06:10,810+0200","service":"FyersAPIRequest"}
{"level":"DEBUG","location":"[get_call:140] fyersModel","message":{"Status Code":429,"API":"/quotes"},"timestamp":"2026-07-28 22:06:11,709+0200","service":"FyersAPIRequest"}
{"level":"DEBUG","location":"[get_call:140] fyersModel","message":{"Status Code":429,"API":"/quotes"},"timestamp":"2026-07-28 22:06:12,562+0200","service":"FyersAPIRequest"}
{"level":"DEBUG","location":"[get_call:140] fyersModel","message":{"Status Code":429,"API":"/quotes"},"timestamp":"2026-07-28 22:06:13,446+0200","service":"FyersAPIRequest"}
{"level":"DEBUG","location":"[get_call:140] fyersModel","message":{"Status Code":429,"API":"/quotes"},"timestamp":"2026-07-28 22:06:14,343+0200","service":"FyersAPIRequest"}
{"level":"DEBUG","location":"[get_call:140] fyersModel","message":{"Status Code":429,"API":"/quotes"},"timestamp":"2026-07-28 22:06:15,208+0200","service":"FyersAPIRequest"}
{"level":"DEBUG","location":"[get_call:140] fyersModel","message":{"Status Code":429,"API":"/quotes"},"timestamp":"2026-07-28 22:06:16,143+0200","service":"FyersAPIRequest"}
{"level":"DEBUG","location":"[get_call:140] fyersModel","message":{"Status Code":429,"API":"/quotes"},"timestamp":"2026-07-28 22:06:17,063+0200","service":"FyersAPIRequest"}
{"level":"DEBUG","location":"[get_call:140] fyersModel","message":{"Status Code":429,"API":"/quotes"},"timestamp":"2026-07-28 22:06:17,958+0200","service":"FyersAPIRequest"}
{"level":"DEBUG","location":"[get_call:140] fyersModel","message":{"Status Code":429,"API":"/quotes"},"timestamp":"2026-07-28 22:06:18,979+0200","service":"FyersAPIRequest"}
{"level":"DEBUG","location":"[get_call:140] fyersModel","message":{"Status Code":429,"API":"/quotes"},"timestamp":"2026-07-28 22:06:19,860+0200","service":"FyersAPIRequest"}
{"level":"DEBUG","location":"[get_call:140] fyersModel","message":{"Status Code":429,"API":"/quotes"},"timestamp":"2026-07-28 22:06:20,773+0200","service":"FyersAPIRequest"}
{"level":"DEBUG","location":"[get_call:140] fyersModel","message":{"Status Code":429,"API":"/quotes"},"timestamp":"2026-07-28 22:06:21,741+0200","service":"FyersAPIRequest"}
{"level":"DEBUG","location":"[get_call:140] fyersModel","message":{"Status Code":429,"API":"/quotes"},"timestamp":"2026-07-28 22:09:00,190+0200","service":"FyersAPIRequest"}
{"level":"DEBUG","location":"[get_call:140] fyersModel","message":{"Status Code":429,"API":"/quotes"},"timestamp":"2026-07-28 22:09:00,744+0200","service":"FyersAPIRequest"}
{"level":"DEBUG","location":"[get_call:140] fyersModel","message":{"Status Code":429,"API":"/quotes"},"timestamp":"2026-07-28 22:09:01,213+0200","service":"FyersAPIRequest"}
{"level":"DEBUG","location":"[get_call:140] fyersModel","message":{"Status Code":429,"API":"/quotes"},"timestamp":"2026-07-28 22:09:01,757+0200","service":"FyersAPIRequest"}
{"level":"DEBUG","location":"[get_call:140] fyersModel","message":{"Status Code":429,"API":"/quotes"},"timestamp":"2026-07-28 22:09:02,189+0200","service":"FyersAPIRequest"}
{"level":"DEBUG","location":"[get_call:140] fyersModel","message":{"Status Code":401,"API":"/profile"},"timestamp":"2026-07-28 22:09:02,836+0200","service":"FyersAPIRequest"}
{"level":"DEBUG","location":"[get_call:140] fyersModel","message":{"Status Code":401,"API":"/profile"},"timestamp":"2026-07-28 22:10:49,564+0200","service":"FyersAPIRequest"}
{"level":"DEBUG","location":"[get_call:140] fyersModel","message":{"Status Code":401,"API":"/profile"},"timestamp":"2026-07-28 22:10:50,125+0200","service":"FyersAPIRequest"}
{"level":"DEBUG","location":"[get_call:140] fyersModel","message":{"Status Code":200,"API":"/profile"},"timestamp":"2026-07-28 22:12:26,903+0200","service":"FyersAPIRequest"}
{"level":"DEBUG","location":"[get_call:140] fyersModel","message":{"Status Code":429,"API":"/quotes"},"timestamp":"2026-07-28 22:12:27,472+0200","service":"FyersAPIRequest"}
{"level":"DEBUG","location":"[get_call:140] fyersModel","message":{"Status Code":429,"API":"/quotes"},"timestamp":"2026-07-28 22:12:27,883+0200","service":"FyersAPIRequest"}
{"level":"DEBUG","location":"[get_call:140] fyersModel","message":{"Status Code":429,"API":"/quotes"},"timestamp":"2026-07-28 22:12:28,370+0200","service":"FyersAPIRequest"}
{"level":"DEBUG","location":"[get_call:140] fyersModel","message":{"Status Code":429,"API":"/quotes"},"timestamp":"2026-07-28 22:12:28,808+0200","service":"FyersAPIRequest"}
{"level":"DEBUG","location":"[get_call:140] fyersModel","message":{"Status Code":429,"API":"/quotes"},"timestamp":"2026-07-28 22:12:29,332+0200","service":"FyersAPIRequest"}
{"level":"DEBUG","location":"[get_call:140] fyersModel","message":{"Status Code":429,"API":"/quotes"},"timestamp":"2026-07-28 22:12:29,793+0200","service":"FyersAPIRequest"}
{"level":"DEBUG","location":"[get_call:140] fyersModel","message":{"Status Code":429,"API":"/quotes"},"timestamp":"2026-07-28 22:12:30,241+0200","service":"FyersAPIRequest"}
{"level":"DEBUG","location":"[get_call:140] fyersModel","message":{"Status Code":429,"API":"/quotes"},"timestamp":"2026-07-28 22:12:30,788+0200","service":"FyersAPIRequest"}
{"level":"DEBUG","location":"[get_call:140] fyersModel","message":{"Status Code":429,"API":"/quotes"},"timestamp":"2026-07-28 22:12:31,258+0200","service":"FyersAPIRequest"}
{"level":"DEBUG","location":"[get_call:140] fyersModel","message":{"Status Code":200,"API":"/profile"},"timestamp":"2026-07-28 22:12:50,838+0200","service":"FyersAPIRequest"}
{"level":"DEBUG","location":"[get_call:140] fyersModel","message":{"Status Code":429,"API":"/quotes"},"timestamp":"2026-07-28 22:12:51,172+0200","service":"FyersAPIRequest"}
{"level":"DEBUG","location":"[get_call:140] fyersModel","message":{"Status Code":429,"API":"/quotes"},"timestamp":"2026-07-28 22:12:51,499+0200","service":"FyersAPIRequest"}
{"level":"DEBUG","location":"[get_call:140] fyersModel","message":{"Status Code":429,"API":"/quotes"},"timestamp":"2026-07-28 22:12:51,847+0200","service":"FyersAPIRequest"}
{"level":"DEBUG","location":"[get_call:140] fyersModel","message":{"Status Code":429,"API":"/quotes"},"timestamp":"2026-07-28 22:12:52,297+0200","service":"FyersAPIRequest"}
{"level":"DEBUG","location":"[get_call:140] fyersModel","message":{"Status Code":429,"API":"/quotes"},"timestamp":"2026-07-28 22:12:52,765+0200","service":"FyersAPIRequest"}
{"level":"DEBUG","location":"[get_call:140] fyersModel","message":{"Status Code":429,"API":"/quotes"},"timestamp":"2026-07-28 22:12:53,155+0200","service":"FyersAPIRequest"}
{"level":"DEBUG","location":"[get_call:140] fyersModel","message":{"Status Code":429,"API":"/quotes"},"timestamp":"2026-07-28 22:12:53,672+0200","service":"FyersAPIRequest"}
{"level":"DEBUG","location":"[get_call:140] fyersModel","message":{"Status Code":429,"API":"/quotes"},"timestamp":"2026-07-28 22:12:54,141+0200","service":"FyersAPIRequest"}
{"level":"DEBUG","location":"[get_call:140] fyersModel","message":{"Status Code":429,"API":"/quotes"},"timestamp":"2026-07-28 22:12:54,515+0200","service":"FyersAPIRequest"}
{"level":"DEBUG","location":"[get_call:140] fyersModel","message":{"Status Code":200,"API":"/profile"},"timestamp":"2026-07-28 22:15:58,313+0200","service":"FyersAPIRequest"}
{"level":"DEBUG","location":"[get_call:140] fyersModel","message":{"Status Code":429,"API":"/quotes"},"timestamp":"2026-07-28 22:15:59,275+0200","service":"FyersAPIRequest"}
{"level":"DEBUG","location":"[get_call:140] fyersModel","message":{"Status Code":429,"API":"/quotes"},"timestamp":"2026-07-28 22:16:00,239+0200","service":"FyersAPIRequest"}
{"level":"DEBUG","location":"[get_call:140] fyersModel","message":{"Status Code":429,"API":"/quotes"},"timestamp":"2026-07-28 22:16:01,178+0200","service":"FyersAPIRequest"}
{"level":"DEBUG","location":"[get_call:140] fyersModel","message":{"Status Code":429,"API":"/quotes"},"timestamp":"2026-07-28 22:16:02,099+0200","service":"FyersAPIRequest"}
{"level":"DEBUG","location":"[get_call:140] fyersModel","message":{"Status Code":429,"API":"/quotes"},"timestamp":"2026-07-28 22:16:02,954+0200","service":"FyersAPIRequest"}
{"level":"DEBUG","location":"[get_call:140] fyersModel","message":{"Status Code":429,"API":"/quotes"},"timestamp":"2026-07-28 22:16:03,827+0200","service":"FyersAPIRequest"}
{"level":"DEBUG","location":"[get_call:140] fyersModel","message":{"Status Code":429,"API":"/quotes"},"timestamp":"2026-07-28 22:16:04,804+0200","service":"FyersAPIRequest"}
{"level":"DEBUG","location":"[get_call:140] fyersModel","message":{"Status Code":429,"API":"/quotes"},"timestamp":"2026-07-28 22:16:05,662+0200","service":"FyersAPIRequest"}
{"level":"DEBUG","location":"[get_call:140] fyersModel","message":{"Status Code":429,"API":"/quotes"},"timestamp":"2026-07-28 22:16:06,535+0200","service":"FyersAPIRequest"}
{"level":"DEBUG","location":"[get_call:140] fyersModel","message":{"Status Code":429,"API":"/quotes"},"timestamp":"2026-07-28 22:16:07,424+0200","service":"FyersAPIRequest"}
{"level":"DEBUG","location":"[get_call:140] fyersModel","message":{"Status Code":429,"API":"/quotes"},"timestamp":"2026-07-28 22:16:08,315+0200","service":"FyersAPIRequest"}
{"level":"DEBUG","location":"[get_call:140] fyersModel","message":{"Status Code":429,"API":"/quotes"},"timestamp":"2026-07-28 22:16:09,194+0200","service":"FyersAPIRequest"}
{"level":"DEBUG","location":"[get_call:140] fyersModel","message":{"Status Code":429,"API":"/quotes"},"timestamp":"2026-07-28 22:16:10,105+0200","service":"FyersAPIRequest"}
{"level":"DEBUG","location":"[get_call:140] fyersModel","message":{"Status Code":429,"API":"/quotes"},"timestamp":"2026-07-28 22:18:27,459+0200","service":"FyersAPIRequest"}
{"level":"DEBUG","location":"[get_call:140] fyersModel","message":{"Status Code":200,"API":"/profile"},"timestamp":"2026-07-28 22:18:27,649+0200","service":"FyersAPIRequest"}
{"level":"DEBUG","location":"[get_call:140] fyersModel","message":{"Status Code":429,"API":"/quotes"},"timestamp":"2026-07-28 22:18:27,842+0200","service":"FyersAPIRequest"}
{"level":"DEBUG","location":"[get_call:140] fyersModel","message":{"Status Code":429,"API":"/quotes"},"timestamp":"2026-07-28 22:18:28,241+0200","service":"FyersAPIRequest"}
{"level":"DEBUG","location":"[get_call:140] fyersModel","message":{"Status Code":429,"API":"/quotes"},"timestamp":"2026-07-28 22:18:28,600+0200","service":"FyersAPIRequest"}
{"level":"DEBUG","location":"[get_call:159] fyersModel","message":{"Status Code":200,"API":"/profile"},"timestamp":"2026-07-28 22:20:32,269+0200","service":"FyersAPIRequest"}
{"level":"DEBUG","location":"[get_call:159] fyersModel","message":{"Status Code":200,"API":"/depth"},"timestamp":"2026-07-28 22:20:32,270+0200","service":"FyersAPIRequest"}
{"level":"DEBUG","location":"[get_call:159] fyersModel","message":{"Status Code":200,"API":"/depth"},"timestamp":"2026-07-28 22:20:32,469+0200","service":"FyersAPIRequest"}
{"level":"DEBUG","location":"[get_call:140] fyersModel","message":{"Status Code":200,"API":"/profile"},"timestamp":"2026-07-28 22:24:11,189+0200","service":"FyersAPIRequest"}
{"level":"DEBUG","location":"[get_call:140] fyersModel","message":{"Status Code":200,"API":"/depth"},"timestamp":"2026-07-28 22:24:11,748+0200","service":"FyersAPIRequest"}
{"level":"DEBUG","location":"[get_call:140] fyersModel","message":{"Status Code":200,"API":"/depth"},"timestamp":"2026-07-28 22:24:12,337+0200","service":"FyersAPIRequest"}
{"level":"DEBUG","location":"[get_call:140] fyersModel","message":{"Status Code":200,"API":"/depth"},"timestamp":"2026-07-28 22:24:12,970+0200","service":"FyersAPIRequest"}
{"level":"DEBUG","location":"[get_call:140] fyersModel","message":{"Status Code":200,"API":"/depth"},"timestamp":"2026-07-28 22:24:23,283+0200","service":"FyersAPIRequest"}
{"level":"DEBUG","location":"[get_call:140] fyersModel","message":{"Status Code":200,"API":"/depth"},"timestamp":"2026-07-28 22:24:23,988+0200","service":"FyersAPIRequest"}
{"level":"DEBUG","location":"[get_call:140] fyersModel","message":{"Status Code":200,"API":"/depth"},"timestamp":"2026-07-28 22:24:24,704+0200","service":"FyersAPIRequest"}
{"level":"DEBUG","location":"[get_call:140] fyersModel","message":{"Status Code":200,"API":"/depth"},"timestamp":"2026-07-28 22:24:25,321+0200","service":"FyersAPIRequest"}
{"level":"DEBUG","location":"[get_call:140] fyersModel","message":{"Status Code":200,"API":"/profile"},"timestamp":"2026-07-28 22:25:15,806+0200","service":"FyersAPIRequest"}
{"level":"DEBUG","location":"[get_call:140] fyersModel","message":{"Status Code":200,"API":"/depth"},"timestamp":"2026-07-28 22:25:16,622+0200","service":"FyersAPIRequest"}
{"level":"DEBUG","location":"[get_call:140] fyersModel","message":{"Status Code":200,"API":"/depth"},"timestamp":"2026-07-28 22:25:17,854+0200","service":"FyersAPIRequest"}
{"level":"DEBUG","location":"[get_call:140] fyersModel","message":{"Status Code":200,"API":"/depth"},"timestamp":"2026-07-28 22:25:18,976+0200","service":"FyersAPIRequest"}
{"level":"DEBUG","location":"[get_call:140] fyersModel","message":{"Status Code":200,"API":"/depth"},"timestamp":"2026-07-28 22:25:20,221+0200","service":"FyersAPIRequest"}
{"level":"DEBUG","location":"[get_call:140] fyersModel","message":{"Status Code":200,"API":"/depth"},"timestamp":"2026-07-28 22:25:21,900+0200","service":"FyersAPIRequest"}
{"level":"DEBUG","location":"[get_call:140] fyersModel","message":{"Status Code":200,"API":"/depth"},"timestamp":"2026-07-28 22:25:23,077+0200","service":"FyersAPIRequest"}
{"level":"DEBUG","location":"[get_call:140] fyersModel","message":{"Status Code":200,"API":"/depth"},"timestamp":"2026-07-28 22:25:24,204+0200","service":"FyersAPIRequest"}
{"level":"DEBUG","location":"[get_call:140] fyersModel","message":{"Status Code":200,"API":"/depth"},"timestamp":"2026-07-28 22:25:25,654+0200","service":"FyersAPIRequest"}
{"level":"DEBUG","location":"[get_call:140] fyersModel","message":{"Status Code":200,"API":"/profile"},"timestamp":"2026-07-28 22:25:47,853+0200","service":"FyersAPIRequest"}
{"level":"DEBUG","location":"[get_call:140] fyersModel","message":{"Status Code":200,"API":"/depth"},"timestamp":"2026-07-28 22:25:48,987+0200","service":"FyersAPIRequest"}
{"level":"DEBUG","location":"[get_call:140] fyersModel","message":{"Status Code":200,"API":"/depth"},"timestamp":"2026-07-28 22:25:50,107+0200","service":"FyersAPIRequest"}
{"level":"DEBUG","location":"[get_call:140] fyersModel","message":{"Status Code":200,"API":"/depth"},"timestamp":"2026-07-28 22:25:51,183+0200","service":"FyersAPIRequest"}
{"level":"DEBUG","location":"[get_call:140] fyersModel","message":{"Status Code":200,"API":"/depth"},"timestamp":"2026-07-28 22:25:52,297+0200","service":"FyersAPIRequest"}
{"level":"DEBUG","location":"[get_call:140] fyersModel","message":{"Status Code":200,"API":"/profile"},"timestamp":"2026-07-28 22:27:37,837+0200","service":"FyersAPIRequest"}
{"level":"DEBUG","location":"[get_call:140] fyersModel","message":{"Status Code":200,"API":"/depth"},"timestamp":"2026-07-28 22:27:39,077+0200","service":"FyersAPIRequest"}
{"level":"DEBUG","location":"[get_call:140] fyersModel","message":{"Status Code":200,"API":"/depth"},"timestamp":"2026-07-28 22:27:40,105+0200","service":"FyersAPIRequest"}
{"level":"DEBUG","location":"[get_call:140] fyersModel","message":{"Status Code":200,"API":"/depth"},"timestamp":"2026-07-28 22:27:40,922+0200","service":"FyersAPIRequest"}
{"level":"DEBUG","location":"[get_call:140] fyersModel","message":{"Status Code":200,"API":"/depth"},"timestamp":"2026-07-28 22:27:41,919+0200","service":"FyersAPIRequest"}
{"level":"DEBUG","location":"[get_call:140] fyersModel","message":{"Status Code":200,"API":"/depth"},"timestamp":"2026-07-28 22:27:41,950+0200","service":"FyersAPIRequest"}
{"level":"DEBUG","location":"[get_call:140] fyersModel","message":{"Status Code":200,"API":"/depth"},"timestamp":"2026-07-28 22:27:42,756+0200","service":"FyersAPIRequest"}
{"level":"DEBUG","location":"[get_call:140] fyersModel","message":{"Status Code":200,"API":"/depth"},"timestamp":"2026-07-28 22:27:43,167+0200","service":"FyersAPIRequest"}
{"level":"DEBUG","location":"[get_call:140] fyersModel","message":{"Status Code":200,"API":"/depth"},"timestamp":"2026-07-28 22:27:44,442+0200","service":"FyersAPIRequest"}
{"level":"DEBUG","location":"[get_call:140] fyersModel","message":{"Status Code":200,"API":"/depth"},"timestamp":"2026-07-28 22:27:45,022+0200","service":"FyersAPIRequest"}
{"level":"DEBUG","location":"[get_call:140] fyersModel","message":{"Status Code":200,"API":"/depth"},"timestamp":"2026-07-28 22:27:45,613+0200","service":"FyersAPIRequest"}
{"level":"DEBUG","location":"[get_call:140] fyersModel","message":{"Status Code":200,"API":"/depth"},"timestamp":"2026-07-28 22:27:46,405+0200","service":"FyersAPIRequest"}
{"level":"DEBUG","location":"[get_call:140] fyersModel","message":{"Status Code":200,"API":"/depth"},"timestamp":"2026-07-28 22:27:46,840+0200","service":"FyersAPIRequest"}
{"level":"DEBUG","location":"[get_call:140] fyersModel","message":{"Status Code":200,"API":"/history"},"timestamp":"2026-07-28 22:29:55,487+0200","service":"FyersAPIRequest"}
{"level":"DEBUG","location":"[get_call:140] fyersModel","message":{"Status Code":200,"API":"/history"},"timestamp":"2026-07-28 22:29:56,155+0200","service":"FyersAPIRequest"}
{"level":"DEBUG","location":"[get_call:140] fyersModel","message":{"Status Code":200,"API":"/profile"},"timestamp":"2026-07-28 22:34:08,903+0200","service":"FyersAPIRequest"}
{"level":"DEBUG","location":"[get_call:140] fyersModel","message":{"Status Code":200,"API":"/profile"},"timestamp":"2026-07-28 22:34:09,269+0200","service":"FyersAPIRequest"}
{"level":"DEBUG","location":"[get_call:140] fyersModel","message":{"Status Code":200,"API":"/depth"},"timestamp":"2026-07-28 22:34:09,521+0200","service":"FyersAPIRequest"}
{"level":"DEBUG","location":"[get_call:140] fyersModel","message":{"Status Code":200,"API":"/depth"},"timestamp":"2026-07-28 22:34:10,422+0200","service":"FyersAPIRequest"}
{"level":"DEBUG","location":"[get_call:140] fyersModel","message":{"Status Code":200,"API":"/depth"},"timestamp":"2026-07-28 22:34:12,486+0200","service":"FyersAPIRequest"}
{"level":"DEBUG","location":"[get_call:140] fyersModel","message":{"Status Code":200,"API":"/history"},"timestamp":"2026-07-28 22:34:13,086+0200","service":"FyersAPIRequest"}
{"level":"DEBUG","location":"[get_call:140] fyersModel","message":{"Status Code":200,"API":"/depth"},"timestamp":"2026-07-28 22:34:13,529+0200","service":"FyersAPIRequest"}
{"level":"DEBUG","location":"[get_call:140] fyersModel","message":{"Status Code":200,"API":"/depth"},"timestamp":"2026-07-28 22:34:13,820+0200","service":"FyersAPIRequest"}
{"level":"DEBUG","location":"[get_call:140] fyersModel","message":{"Status Code":200,"API":"/history"},"timestamp":"2026-07-28 22:34:14,230+0200","service":"FyersAPIRequest"}
{"level":"DEBUG","location":"[get_call:140] fyersModel","message":{"Status Code":200,"API":"/depth"},"timestamp":"2026-07-28 22:34:14,452+0200","service":"FyersAPIRequest"}
{"level":"DEBUG","location":"[get_call:140] fyersModel","message":{"Status Code":200,"API":"/depth"},"timestamp":"2026-07-28 22:34:14,738+0200","service":"FyersAPIRequest"}
{"level":"DEBUG","location":"[get_call:140] fyersModel","message":{"Status Code":200,"API":"/history"},"timestamp":"2026-07-28 22:34:15,052+0200","service":"FyersAPIRequest"}
{"level":"DEBUG","location":"[get_call:140] fyersModel","message":{"Status Code":200,"API":"/depth"},"timestamp":"2026-07-28 22:34:15,357+0200","service":"FyersAPIRequest"}
{"level":"DEBUG","location":"[get_call:140] fyersModel","message":{"Status Code":200,"API":"/depth"},"timestamp":"2026-07-28 22:34:15,761+0200","service":"FyersAPIRequest"}
{"level":"DEBUG","location":"[get_call:140] fyersModel","message":{"Status Code":200,"API":"/history"},"timestamp":"2026-07-28 22:34:15,961+0200","service":"FyersAPIRequest"}
{"level":"DEBUG","location":"[get_call:140] fyersModel","message":{"Status Code":200,"API":"/depth"},"timestamp":"2026-07-28 22:34:16,619+0200","service":"FyersAPIRequest"}
{"level":"DEBUG","location":"[get_call:140] fyersModel","message":{"Status Code":200,"API":"/depth"},"timestamp":"2026-07-28 22:34:16,685+0200","service":"FyersAPIRequest"}
{"level":"DEBUG","location":"[get_call:140] fyersModel","message":{"Status Code":200,"API":"/history"},"timestamp":"2026-07-28 22:34:17,269+0200","service":"FyersAPIRequest"}
{"level":"DEBUG","location":"[get_call:140] fyersModel","message":{"Status Code":200,"API":"/depth"},"timestamp":"2026-07-28 22:34:17,453+0200","service":"FyersAPIRequest"}
{"level":"DEBUG","location":"[get_call:140] fyersModel","message":{"Status Code":200,"API":"/history"},"timestamp":"2026-07-28 22:34:17,971+0200","service":"FyersAPIRequest"}
{"level":"DEBUG","location":"[get_call:140] fyersModel","message":{"Status Code":200,"API":"/profile"},"timestamp":"2026-07-28 22:34:39,286+0200","service":"FyersAPIRequest"}
{"level":"DEBUG","location":"[get_call:140] fyersModel","message":{"Status Code":200,"API":"/depth"},"timestamp":"2026-07-28 22:34:40,336+0200","service":"FyersAPIRequest"}
{"level":"DEBUG","location":"[get_call:140] fyersModel","message":{"Status Code":200,"API":"/depth"},"timestamp":"2026-07-28 22:34:43,238+0200","service":"FyersAPIRequest"}
{"level":"DEBUG","location":"[get_call:140] fyersModel","message":{"Status Code":200,"API":"/history"},"timestamp":"2026-07-28 22:34:44,345+0200","service":"FyersAPIRequest"}
{"level":"DEBUG","location":"[get_call:140] fyersModel","message":{"Status Code":200,"API":"/depth"},"timestamp":"2026-07-28 22:34:45,377+0200","service":"FyersAPIRequest"}
{"level":"DEBUG","location":"[get_call:140] fyersModel","message":{"Status Code":200,"API":"/depth"},"timestamp":"2026-07-28 22:34:46,502+0200","service":"FyersAPIRequest"}
{"level":"DEBUG","location":"[get_call:140] fyersModel","message":{"Status Code":200,"API":"/history"},"timestamp":"2026-07-28 22:34:47,612+0200","service":"FyersAPIRequest"}
{"level":"DEBUG","location":"[get_call:140] fyersModel","message":{"Status Code":200,"API":"/depth"},"timestamp":"2026-07-28 22:34:48,740+0200","service":"FyersAPIRequest"}
{"level":"DEBUG","location":"[get_call:140] fyersModel","message":{"Status Code":200,"API":"/depth"},"timestamp":"2026-07-28 22:34:50,051+0200","service":"FyersAPIRequest"}
{"level":"DEBUG","location":"[get_call:140] fyersModel","message":{"Status Code":200,"API":"/history"},"timestamp":"2026-07-28 22:34:51,186+0200","service":"FyersAPIRequest"}
{"level":"DEBUG","location":"[get_call:140] fyersModel","message":{"Status Code":200,"API":"/depth"},"timestamp":"2026-07-28 22:34:52,266+0200","service":"FyersAPIRequest"}
{"level":"DEBUG","location":"[get_call:140] fyersModel","message":{"Status Code":200,"API":"/depth"},"timestamp":"2026-07-28 22:34:53,335+0200","service":"FyersAPIRequest"}
{"level":"DEBUG","location":"[get_call:140] fyersModel","message":{"Status Code":200,"API":"/depth"},"timestamp":"2026-07-28 22:34:54,440+0200","service":"FyersAPIRequest"}
{"level":"DEBUG","location":"[get_call:140] fyersModel","message":{"Status Code":200,"API":"/depth"},"timestamp":"2026-07-28 22:34:55,596+0200","service":"FyersAPIRequest"}
{"level":"DEBUG","location":"[get_call:140] fyersModel","message":{"Status Code":200,"API":"/depth"},"timestamp":"2026-07-28 22:34:56,706+0200","service":"FyersAPIRequest"}
{"level":"DEBUG","location":"[get_call:140] fyersModel","message":{"Status Code":200,"API":"/depth"},"timestamp":"2026-07-28 22:34:57,800+0200","service":"FyersAPIRequest"}
{"level":"DEBUG","location":"[get_call:140] fyersModel","message":{"Status Code":200,"API":"/depth"},"timestamp":"2026-07-28 22:34:58,878+0200","service":"FyersAPIRequest"}
{"level":"DEBUG","location":"[get_call:140] fyersModel","message":{"Status Code":200,"API":"/depth"},"timestamp":"2026-07-28 22:35:00,001+0200","service":"FyersAPIRequest"}
{"level":"DEBUG","location":"[get_call:140] fyersModel","message":{"Status Code":200,"API":"/depth"},"timestamp":"2026-07-28 22:35:01,102+0200","service":"FyersAPIRequest"}
{"level":"DEBUG","location":"[get_call:140] fyersModel","message":{"Status Code":200,"API":"/depth"},"timestamp":"2026-07-28 22:35:02,204+0200","service":"FyersAPIRequest"}
{"level":"DEBUG","location":"[get_call:140] fyersModel","message":{"Status Code":200,"API":"/depth"},"timestamp":"2026-07-28 22:35:03,279+0200","service":"FyersAPIRequest"}
{"level":"DEBUG","location":"[get_call:140] fyersModel","message":{"Status Code":200,"API":"/depth"},"timestamp":"2026-07-28 22:35:04,406+0200","service":"FyersAPIRequest"}
{"level":"DEBUG","location":"[get_call:140] fyersModel","message":{"Status Code":200,"API":"/depth"},"timestamp":"2026-07-28 22:35:05,457+0200","service":"FyersAPIRequest"}
{"level":"DEBUG","location":"[get_call:140] fyersModel","message":{"Status Code":200,"API":"/depth"},"timestamp":"2026-07-28 22:35:06,496+0200","service":"FyersAPIRequest"}
{"level":"DEBUG","location":"[get_call:140] fyersModel","message":{"Status Code":200,"API":"/depth"},"timestamp":"2026-07-28 22:35:07,582+0200","service":"FyersAPIRequest"}
{"level":"DEBUG","location":"[get_call:140] fyersModel","message":{"Status Code":200,"API":"/depth"},"timestamp":"2026-07-28 22:35:08,636+0200","service":"FyersAPIRequest"}
{"level":"DEBUG","location":"[get_call:140] fyersModel","message":{"Status Code":200,"API":"/depth"},"timestamp":"2026-07-28 22:35:09,719+0200","service":"FyersAPIRequest"}
{"level":"DEBUG","location":"[get_call:140] fyersModel","message":{"Status Code":200,"API":"/depth"},"timestamp":"2026-07-28 22:35:10,848+0200","service":"FyersAPIRequest"}
{"level":"DEBUG","location":"[get_call:140] fyersModel","message":{"Status Code":200,"API":"/depth"},"timestamp":"2026-07-28 22:35:11,986+0200","service":"FyersAPIRequest"}
{"level":"DEBUG","location":"[get_call:140] fyersModel","message":{"Status Code":200,"API":"/depth"},"timestamp":"2026-07-28 22:35:13,121+0200","service":"FyersAPIRequest"}
{"level":"DEBUG","location":"[get_call:140] fyersModel","message":{"Status Code":200,"API":"/depth"},"timestamp":"2026-07-28 22:35:14,237+0200","service":"FyersAPIRequest"}
{"level":"DEBUG","location":"[get_call:140] fyersModel","message":{"Status Code":200,"API":"/depth"},"timestamp":"2026-07-28 22:35:15,600+0200","service":"FyersAPIRequest"}
{"level":"DEBUG","location":"[get_call:140] fyersModel","message":{"Status Code":200,"API":"/profile"},"timestamp":"2026-07-28 22:35:16,719+0200","service":"FyersAPIRequest"}
{"level":"DEBUG","location":"[get_call:140] fyersModel","message":{"Status Code":200,"API":"/depth"},"timestamp":"2026-07-28 22:35:17,799+0200","service":"FyersAPIRequest"}
{"level":"DEBUG","location":"[get_call:140] fyersModel","message":{"Status Code":200,"API":"/depth"},"timestamp":"2026-07-28 22:35:18,942+0200","service":"FyersAPIRequest"}
{"level":"DEBUG","location":"[get_call:140] fyersModel","message":{"Status Code":200,"API":"/depth"},"timestamp":"2026-07-28 22:35:20,067+0200","service":"FyersAPIRequest"}
{"level":"DEBUG","location":"[get_call:140] fyersModel","message":{"Status Code":200,"API":"/depth"},"timestamp":"2026-07-28 22:35:21,184+0200","service":"FyersAPIRequest"}
{"level":"DEBUG","location":"[get_call:140] fyersModel","message":{"Status Code":200,"API":"/depth"},"timestamp":"2026-07-28 22:35:22,229+0200","service":"FyersAPIRequest"}
{"level":"DEBUG","location":"[get_call:140] fyersModel","message":{"Status Code":200,"API":"/depth"},"timestamp":"2026-07-28 22:35:23,455+0200","service":"FyersAPIRequest"}
{"level":"DEBUG","location":"[get_call:140] fyersModel","message":{"Status Code":200,"API":"/depth"},"timestamp":"2026-07-28 22:35:24,470+0200","service":"FyersAPIRequest"}
{"level":"DEBUG","location":"[get_call:140] fyersModel","message":{"Status Code":200,"API":"/depth"},"timestamp":"2026-07-28 22:35:24,629+0200","service":"FyersAPIRequest"}
{"level":"DEBUG","location":"[get_call:140] fyersModel","message":{"Status Code":200,"API":"/depth"},"timestamp":"2026-07-28 22:35:25,788+0200","service":"FyersAPIRequest"}
{"level":"DEBUG","location":"[get_call:140] fyersModel","message":{"Status Code":200,"API":"/depth"},"timestamp":"2026-07-28 22:35:25,886+0200","service":"FyersAPIRequest"}
{"level":"DEBUG","location":"[get_call:140] fyersModel","message":{"Status Code":200,"API":"/depth"},"timestamp":"2026-07-28 22:35:27,019+0200","service":"FyersAPIRequest"}
{"level":"DEBUG","location":"[get_call:140] fyersModel","message":{"Status Code":200,"API":"/depth"},"timestamp":"2026-07-28 22:35:27,187+0200","service":"FyersAPIRequest"}
{"level":"DEBUG","location":"[get_call:140] fyersModel","message":{"Status Code":200,"API":"/depth"},"timestamp":"2026-07-28 22:35:28,340+0200","service":"FyersAPIRequest"}
{"level":"DEBUG","location":"[get_call:140] fyersModel","message":{"Status Code":200,"API":"/depth"},"timestamp":"2026-07-28 22:35:28,403+0200","service":"FyersAPIRequest"}
{"level":"DEBUG","location":"[get_call:140] fyersModel","message":{"Status Code":200,"API":"/depth"},"timestamp":"2026-07-28 22:35:29,507+0200","service":"FyersAPIRequest"}
{"level":"DEBUG","location":"[get_call:140] fyersModel","message":{"Status Code":200,"API":"/depth"},"timestamp":"2026-07-28 22:35:29,613+0200","service":"FyersAPIRequest"}
{"level":"DEBUG","location":"[get_call:140] fyersModel","message":{"Status Code":200,"API":"/depth"},"timestamp":"2026-07-28 22:35:30,684+0200","service":"FyersAPIRequest"}
{"level":"DEBUG","location":"[get_call:140] fyersModel","message":{"Status Code":200,"API":"/depth"},"timestamp":"2026-07-28 22:35:30,764+0200","service":"FyersAPIRequest"}
{"level":"DEBUG","location":"[get_call:140] fyersModel","message":{"Status Code":200,"API":"/depth"},"timestamp":"2026-07-28 22:35:31,861+0200","service":"FyersAPIRequest"}
{"level":"DEBUG","location":"[get_call:140] fyersModel","message":{"Status Code":200,"API":"/depth"},"timestamp":"2026-07-28 22:35:31,949+0200","service":"FyersAPIRequest"}
{"level":"DEBUG","location":"[get_call:140] fyersModel","message":{"Status Code":200,"API":"/depth"},"timestamp":"2026-07-28 22:35:33,057+0200","service":"FyersAPIRequest"}
{"level":"DEBUG","location":"[get_call:140] fyersModel","message":{"Status Code":200,"API":"/depth"},"timestamp":"2026-07-28 22:35:34,182+0200","service":"FyersAPIRequest"}
{"level":"DEBUG","location":"[get_call:140] fyersModel","message":{"Status Code":200,"API":"/depth"},"timestamp":"2026-07-28 22:35:34,261+0200","service":"FyersAPIRequest"}
{"level":"DEBUG","location":"[get_call:140] fyersModel","message":{"Status Code":200,"API":"/depth"},"timestamp":"2026-07-28 22:35:35,409+0200","service":"FyersAPIRequest"}
{"level":"DEBUG","location":"[get_call:140] fyersModel","message":{"Status Code":200,"API":"/depth"},"timestamp":"2026-07-28 22:35:35,488+0200","service":"FyersAPIRequest"}
{"level":"DEBUG","location":"[get_call:140] fyersModel","message":{"Status Code":200,"API":"/depth"},"timestamp":"2026-07-28 22:35:36,663+0200","service":"FyersAPIRequest"}
{"level":"DEBUG","location":"[get_call:140] fyersModel","message":{"Status Code":200,"API":"/depth"},"timestamp":"2026-07-28 22:35:36,717+0200","service":"FyersAPIRequest"}
{"level":"DEBUG","location":"[get_call:140] fyersModel","message":{"Status Code":200,"API":"/depth"},"timestamp":"2026-07-28 22:35:37,923+0200","service":"FyersAPIRequest"}
{"level":"DEBUG","location":"[get_call:140] fyersModel","message":{"Status Code":200,"API":"/depth"},"timestamp":"2026-07-28 22:35:37,977+0200","service":"FyersAPIRequest"}
{"level":"DEBUG","location":"[get_call:140] fyersModel","message":{"Status Code":200,"API":"/depth"},"timestamp":"2026-07-28 22:35:39,187+0200","service":"FyersAPIRequest"}
{"level":"DEBUG","location":"[get_call:140] fyersModel","message":{"Status Code":200,"API":"/depth"},"timestamp":"2026-07-28 22:35:39,252+0200","service":"FyersAPIRequest"}
{"level":"DEBUG","location":"[get_call:140] fyersModel","message":{"Status Code":200,"API":"/depth"},"timestamp":"2026-07-28 22:35:40,455+0200","service":"FyersAPIRequest"}
{"level":"DEBUG","location":"[get_call:140] fyersModel","message":{"Status Code":200,"API":"/depth"},"timestamp":"2026-07-28 22:35:40,486+0200","service":"FyersAPIRequest"}
{"level":"DEBUG","location":"[get_call:140] fyersModel","message":{"Status Code":200,"API":"/depth"},"timestamp":"2026-07-28 22:35:41,676+0200","service":"FyersAPIRequest"}
{"level":"DEBUG","location":"[get_call:140] fyersModel","message":{"Status Code":200,"API":"/depth"},"timestamp":"2026-07-28 22:35:41,708+0200","service":"FyersAPIRequest"}
{"level":"DEBUG","location":"[get_call:140] fyersModel","message":{"Status Code":200,"API":"/depth"},"timestamp":"2026-07-28 22:35:42,819+0200","service":"FyersAPIRequest"}
{"level":"DEBUG","location":"[get_call:140] fyersModel","message":{"Status Code":200,"API":"/depth"},"timestamp":"2026-07-28 22:35:43,935+0200","service":"FyersAPIRequest"}
{"level":"DEBUG","location":"[get_call:140] fyersModel","message":{"Status Code":200,"API":"/history"},"timestamp":"2026-07-28 22:35:45,051+0200","service":"FyersAPIRequest"}
{"level":"DEBUG","location":"[get_call:140] fyersModel","message":{"Status Code":200,"API":"/depth"},"timestamp":"2026-07-28 22:35:46,180+0200","service":"FyersAPIRequest"}
{"level":"DEBUG","location":"[get_call:140] fyersModel","message":{"Status Code":200,"API":"/depth"},"timestamp":"2026-07-28 22:35:47,313+0200","service":"FyersAPIRequest"}
{"level":"DEBUG","location":"[get_call:140] fyersModel","message":{"Status Code":200,"API":"/history"},"timestamp":"2026-07-28 22:35:48,454+0200","service":"FyersAPIRequest"}
{"level":"DEBUG","location":"[get_call:140] fyersModel","message":{"Status Code":200,"API":"/profile"},"timestamp":"2026-07-28 22:35:49,246+0200","service":"FyersAPIRequest"}
{"level":"DEBUG","location":"[get_call:140] fyersModel","message":{"Status Code":200,"API":"/depth"},"timestamp":"2026-07-28 22:35:49,623+0200","service":"FyersAPIRequest"}
{"level":"DEBUG","location":"[get_call:140] fyersModel","message":{"Status Code":200,"API":"/depth"},"timestamp":"2026-07-28 22:35:50,501+0200","service":"FyersAPIRequest"}
{"level":"DEBUG","location":"[get_call:140] fyersModel","message":{"Status Code":200,"API":"/depth"},"timestamp":"2026-07-28 22:35:50,894+0200","service":"FyersAPIRequest"}
{"level":"DEBUG","location":"[get_call:140] fyersModel","message":{"Status Code":200,"API":"/depth"},"timestamp":"2026-07-28 22:35:51,799+0200","service":"FyersAPIRequest"}
{"level":"DEBUG","location":"[get_call:140] fyersModel","message":{"Status Code":200,"API":"/history"},"timestamp":"2026-07-28 22:35:52,121+0200","service":"FyersAPIRequest"}
{"level":"DEBUG","location":"[get_call:140] fyersModel","message":{"Status Code":200,"API":"/depth"},"timestamp":"2026-07-28 22:35:52,985+0200","service":"FyersAPIRequest"}
{"level":"DEBUG","location":"[get_call:140] fyersModel","message":{"Status Code":200,"API":"/depth"},"timestamp":"2026-07-28 22:35:53,360+0200","service":"FyersAPIRequest"}
{"level":"DEBUG","location":"[get_call:140] fyersModel","message":{"Status Code":200,"API":"/depth"},"timestamp":"2026-07-28 22:35:54,468+0200","service":"FyersAPIRequest"}
{"level":"DEBUG","location":"[get_call:140] fyersModel","message":{"Status Code":200,"API":"/depth"},"timestamp":"2026-07-28 22:35:54,469+0200","service":"FyersAPIRequest"}
{"level":"DEBUG","location":"[get_call:140] fyersModel","message":{"Status Code":200,"API":"/depth"},"timestamp":"2026-07-28 22:35:54,671+0200","service":"FyersAPIRequest"}
{"level":"DEBUG","location":"[get_call:140] fyersModel","message":{"Status Code":200,"API":"/depth"},"timestamp":"2026-07-28 22:35:55,799+0200","service":"FyersAPIRequest"}
{"level":"DEBUG","location":"[get_call:140] fyersModel","message":{"Status Code":200,"API":"/depth"},"timestamp":"2026-07-28 22:35:55,815+0200","service":"FyersAPIRequest"}
{"level":"DEBUG","location":"[get_call:140] fyersModel","message":{"Status Code":200,"API":"/depth"},"timestamp":"2026-07-28 22:35:56,001+0200","service":"FyersAPIRequest"}
{"level":"DEBUG","location":"[get_call:140] fyersModel","message":{"Status Code":200,"API":"/depth"},"timestamp":"2026-07-28 22:35:57,167+0200","service":"FyersAPIRequest"}
{"level":"DEBUG","location":"[get_call:140] fyersModel","message":{"Status Code":200,"API":"/depth"},"timestamp":"2026-07-28 22:35:57,207+0200","service":"FyersAPIRequest"}
{"level":"DEBUG","location":"[get_call:140] fyersModel","message":{"Status Code":200,"API":"/depth"},"timestamp":"2026-07-28 22:35:57,304+0200","service":"FyersAPIRequest"}
{"level":"DEBUG","location":"[get_call:140] fyersModel","message":{"Status Code":200,"API":"/depth"},"timestamp":"2026-07-28 22:35:58,627+0200","service":"FyersAPIRequest"}
{"level":"DEBUG","location":"[get_call:140] fyersModel","message":{"Status Code":200,"API":"/depth"},"timestamp":"2026-07-28 22:35:58,683+0200","service":"FyersAPIRequest"}
{"level":"DEBUG","location":"[get_call:140] fyersModel","message":{"Status Code":200,"API":"/depth"},"timestamp":"2026-07-28 22:35:58,735+0200","service":"FyersAPIRequest"}
{"level":"DEBUG","location":"[get_call:140] fyersModel","message":{"Status Code":200,"API":"/depth"},"timestamp":"2026-07-28 22:35:59,398+0200","service":"FyersAPIRequest"}
{"level":"DEBUG","location":"[get_call:140] fyersModel","message":{"Status Code":200,"API":"/depth"},"timestamp":"2026-07-28 22:36:00,121+0200","service":"FyersAPIRequest"}
{"level":"DEBUG","location":"[get_call:140] fyersModel","message":{"Status Code":200,"API":"/depth"},"timestamp":"2026-07-28 22:36:00,160+0200","service":"FyersAPIRequest"}
{"level":"DEBUG","location":"[get_call:140] fyersModel","message":{"Status Code":200,"API":"/depth"},"timestamp":"2026-07-28 22:36:00,220+0200","service":"FyersAPIRequest"}
{"level":"DEBUG","location":"[get_call:140] fyersModel","message":{"Status Code":200,"API":"/depth"},"timestamp":"2026-07-28 22:36:00,802+0200","service":"FyersAPIRequest"}
{"level":"DEBUG","location":"[get_call:140] fyersModel","message":{"Status Code":200,"API":"/depth"},"timestamp":"2026-07-28 22:36:01,644+0200","service":"FyersAPIRequest"}
{"level":"DEBUG","location":"[get_call:140] fyersModel","message":{"Status Code":200,"API":"/depth"},"timestamp":"2026-07-28 22:36:01,644+0200","service":"FyersAPIRequest"}
{"level":"DEBUG","location":"[get_call:140] fyersModel","message":{"Status Code":200,"API":"/depth"},"timestamp":"2026-07-28 22:36:02,086+0200","service":"FyersAPIRequest"}
{"level":"DEBUG","location":"[get_call:140] fyersModel","message":{"Status Code":200,"API":"/depth"},"timestamp":"2026-07-28 22:36:02,979+0200","service":"FyersAPIRequest"}
{"level":"DEBUG","location":"[get_call:140] fyersModel","message":{"Status Code":200,"API":"/depth"},"timestamp":"2026-07-28 22:36:03,001+0200","service":"FyersAPIRequest"}
{"level":"DEBUG","location":"[get_call:140] fyersModel","message":{"Status Code":200,"API":"/depth"},"timestamp":"2026-07-28 22:36:03,468+0200","service":"FyersAPIRequest"}
{"level":"DEBUG","location":"[get_call:140] fyersModel","message":{"Status Code":200,"API":"/depth"},"timestamp":"2026-07-28 22:36:04,602+0200","service":"FyersAPIRequest"}
{"level":"DEBUG","location":"[get_call:140] fyersModel","message":{"Status Code":200,"API":"/depth"},"timestamp":"2026-07-28 22:36:04,634+0200","service":"FyersAPIRequest"}
{"level":"DEBUG","location":"[get_call:140] fyersModel","message":{"Status Code":200,"API":"/depth"},"timestamp":"2026-07-28 22:36:04,634+0200","service":"FyersAPIRequest"}
{"level":"DEBUG","location":"[get_call:140] fyersModel","message":{"Status Code":200,"API":"/depth"},"timestamp":"2026-07-28 22:36:05,137+0200","service":"FyersAPIRequest"}
{"level":"DEBUG","location":"[get_call:140] fyersModel","message":{"Status Code":200,"API":"/depth"},"timestamp":"2026-07-28 22:36:06,146+0200","service":"FyersAPIRequest"}
{"level":"DEBUG","location":"[get_call:140] fyersModel","message":{"Status Code":200,"API":"/depth"},"timestamp":"2026-07-28 22:36:06,161+0200","service":"FyersAPIRequest"}
{"level":"DEBUG","location":"[get_call:140] fyersModel","message":{"Status Code":200,"API":"/depth"},"timestamp":"2026-07-28 22:36:06,407+0200","service":"FyersAPIRequest"}
{"level":"DEBUG","location":"[get_call:140] fyersModel","message":{"Status Code":200,"API":"/depth"},"timestamp":"2026-07-28 22:36:07,516+0200","service":"FyersAPIRequest"}
{"level":"DEBUG","location":"[get_call:140] fyersModel","message":{"Status Code":200,"API":"/depth"},"timestamp":"2026-07-28 22:36:07,563+0200","service":"FyersAPIRequest"}
{"level":"DEBUG","location":"[get_call:140] fyersModel","message":{"Status Code":200,"API":"/depth"},"timestamp":"2026-07-28 22:36:07,720+0200","service":"FyersAPIRequest"}
{"level":"DEBUG","location":"[get_call:140] fyersModel","message":{"Status Code":200,"API":"/depth"},"timestamp":"2026-07-28 22:36:08,969+0200","service":"FyersAPIRequest"}
{"level":"DEBUG","location":"[get_call:140] fyersModel","message":{"Status Code":200,"API":"/depth"},"timestamp":"2026-07-28 22:36:09,001+0200","service":"FyersAPIRequest"}
{"level":"DEBUG","location":"[get_call:140] fyersModel","message":{"Status Code":200,"API":"/depth"},"timestamp":"2026-07-28 22:36:09,184+0200","service":"FyersAPIRequest"}
{"level":"DEBUG","location":"[get_call:140] fyersModel","message":{"Status Code":200,"API":"/depth"},"timestamp":"2026-07-28 22:36:09,380+0200","service":"FyersAPIRequest"}
{"level":"DEBUG","location":"[get_call:140] fyersModel","message":{"Status Code":200,"API":"/depth"},"timestamp":"2026-07-28 22:36:10,344+0200","service":"FyersAPIRequest"}
{"level":"DEBUG","location":"[get_call:140] fyersModel","message":{"Status Code":200,"API":"/depth"},"timestamp":"2026-07-28 22:36:10,344+0200","service":"FyersAPIRequest"}
{"level":"DEBUG","location":"[get_call:140] fyersModel","message":{"Status Code":200,"API":"/depth"},"timestamp":"2026-07-28 22:36:10,682+0200","service":"FyersAPIRequest"}
{"level":"DEBUG","location":"[get_call:140] fyersModel","message":{"Status Code":200,"API":"/depth"},"timestamp":"2026-07-28 22:36:11,689+0200","service":"FyersAPIRequest"}
{"level":"DEBUG","location":"[get_call:140] fyersModel","message":{"Status Code":200,"API":"/depth"},"timestamp":"2026-07-28 22:36:11,689+0200","service":"FyersAPIRequest"}
{"level":"DEBUG","location":"[get_call:140] fyersModel","message":{"Status Code":200,"API":"/depth"},"timestamp":"2026-07-28 22:36:11,933+0200","service":"FyersAPIRequest"}
{"level":"DEBUG","location":"[get_call:140] fyersModel","message":{"Status Code":200,"API":"/depth"},"timestamp":"2026-07-28 22:36:13,002+0200","service":"FyersAPIRequest"}
{"level":"DEBUG","location":"[get_call:140] fyersModel","message":{"Status Code":200,"API":"/depth"},"timestamp":"2026-07-28 22:36:13,003+0200","service":"FyersAPIRequest"}
{"level":"DEBUG","location":"[get_call:140] fyersModel","message":{"Status Code":200,"API":"/depth"},"timestamp":"2026-07-28 22:36:13,187+0200","service":"FyersAPIRequest"}
{"level":"DEBUG","location":"[get_call:140] fyersModel","message":{"Status Code":200,"API":"/depth"},"timestamp":"2026-07-28 22:36:14,368+0200","service":"FyersAPIRequest"}
{"level":"DEBUG","location":"[get_call:140] fyersModel","message":{"Status Code":200,"API":"/depth"},"timestamp":"2026-07-28 22:36:14,374+0200","service":"FyersAPIRequest"}
{"level":"DEBUG","location":"[get_call:140] fyersModel","message":{"Status Code":200,"API":"/depth"},"timestamp":"2026-07-28 22:36:14,537+0200","service":"FyersAPIRequest"}
{"level":"DEBUG","location":"[get_call:140] fyersModel","message":{"Status Code":200,"API":"/depth"},"timestamp":"2026-07-28 22:36:15,774+0200","service":"FyersAPIRequest"}
{"level":"DEBUG","location":"[get_call:140] fyersModel","message":{"Status Code":200,"API":"/depth"},"timestamp":"2026-07-28 22:36:15,786+0200","service":"FyersAPIRequest"}
{"level":"DEBUG","location":"[get_call:140] fyersModel","message":{"Status Code":200,"API":"/depth"},"timestamp":"2026-07-28 22:36:15,846+0200","service":"FyersAPIRequest"}
{"level":"DEBUG","location":"[get_call:140] fyersModel","message":{"Status Code":200,"API":"/depth"},"timestamp":"2026-07-28 22:36:17,319+0200","service":"FyersAPIRequest"}
{"level":"DEBUG","location":"[get_call:140] fyersModel","message":{"Status Code":200,"API":"/depth"},"timestamp":"2026-07-28 22:36:17,319+0200","service":"FyersAPIRequest"}
{"level":"DEBUG","location":"[get_call:140] fyersModel","message":{"Status Code":200,"API":"/depth"},"timestamp":"2026-07-28 22:36:17,319+0200","service":"FyersAPIRequest"}
{"level":"DEBUG","location":"[get_call:140] fyersModel","message":{"Status Code":200,"API":"/depth"},"timestamp":"2026-07-28 22:36:18,642+0200","service":"FyersAPIRequest"}
{"level":"DEBUG","location":"[get_call:140] fyersModel","message":{"Status Code":200,"API":"/depth"},"timestamp":"2026-07-28 22:36:18,658+0200","service":"FyersAPIRequest"}
{"level":"DEBUG","location":"[get_call:140] fyersModel","message":{"Status Code":200,"API":"/depth"},"timestamp":"2026-07-28 22:36:19,985+0200","service":"FyersAPIRequest"}
{"level":"DEBUG","location":"[get_call:140] fyersModel","message":{"Status Code":200,"API":"/depth"},"timestamp":"2026-07-28 22:36:20,096+0200","service":"FyersAPIRequest"}
{"level":"DEBUG","location":"[get_call:140] fyersModel","message":{"Status Code":200,"API":"/depth"},"timestamp":"2026-07-28 22:36:20,105+0200","service":"FyersAPIRequest"}
{"level":"DEBUG","location":"[get_call:140] fyersModel","message":{"Status Code":200,"API":"/depth"},"timestamp":"2026-07-28 22:36:21,553+0200","service":"FyersAPIRequest"}
{"level":"DEBUG","location":"[get_call:140] fyersModel","message":{"Status Code":200,"API":"/depth"},"timestamp":"2026-07-28 22:36:21,616+0200","service":"FyersAPIRequest"}
{"level":"DEBUG","location":"[get_call:140] fyersModel","message":{"Status Code":200,"API":"/depth"},"timestamp":"2026-07-28 22:36:21,632+0200","service":"FyersAPIRequest"}
{"level":"DEBUG","location":"[get_call:140] fyersModel","message":{"Status Code":200,"API":"/profile"},"timestamp":"2026-07-28 22:36:21,703+0200","service":"FyersAPIRequest"}
{"level":"DEBUG","location":"[get_call:140] fyersModel","message":{"Status Code":200,"API":"/depth"},"timestamp":"2026-07-28 22:36:22,987+0200","service":"FyersAPIRequest"}
{"level":"DEBUG","location":"[get_call:140] fyersModel","message":{"Status Code":200,"API":"/depth"},"timestamp":"2026-07-28 22:36:23,081+0200","service":"FyersAPIRequest"}
{"level":"DEBUG","location":"[get_call:140] fyersModel","message":{"Status Code":200,"API":"/depth"},"timestamp":"2026-07-28 22:36:23,086+0200","service":"FyersAPIRequest"}
{"level":"DEBUG","location":"[get_call:140] fyersModel","message":{"Status Code":200,"API":"/depth"},"timestamp":"2026-07-28 22:36:23,113+0200","service":"FyersAPIRequest"}
{"level":"DEBUG","location":"[get_call:140] fyersModel","message":{"Status Code":200,"API":"/depth"},"timestamp":"2026-07-28 22:36:24,431+0200","service":"FyersAPIRequest"}
{"level":"DEBUG","location":"[get_call:140] fyersModel","message":{"Status Code":200,"API":"/depth"},"timestamp":"2026-07-28 22:36:24,438+0200","service":"FyersAPIRequest"}
{"level":"DEBUG","location":"[get_call:140] fyersModel","message":{"Status Code":200,"API":"/depth"},"timestamp":"2026-07-28 22:36:24,579+0200","service":"FyersAPIRequest"}
{"level":"DEBUG","location":"[get_call:140] fyersModel","message":{"Status Code":200,"API":"/depth"},"timestamp":"2026-07-28 22:36:25,705+0200","service":"FyersAPIRequest"}
{"level":"DEBUG","location":"[get_call:140] fyersModel","message":{"Status Code":200,"API":"/depth"},"timestamp":"2026-07-28 22:36:25,799+0200","service":"FyersAPIRequest"}
{"level":"DEBUG","location":"[get_call:140] fyersModel","message":{"Status Code":200,"API":"/depth"},"timestamp":"2026-07-28 22:36:26,925+0200","service":"FyersAPIRequest"}
{"level":"DEBUG","location":"[get_call:140] fyersModel","message":{"Status Code":200,"API":"/depth"},"timestamp":"2026-07-28 22:36:27,050+0200","service":"FyersAPIRequest"}
{"level":"DEBUG","location":"[get_call:140] fyersModel","message":{"Status Code":200,"API":"/depth"},"timestamp":"2026-07-28 22:36:28,103+0200","service":"FyersAPIRequest"}
{"level":"DEBUG","location":"[get_call:140] fyersModel","message":{"Status Code":200,"API":"/depth"},"timestamp":"2026-07-28 22:36:29,170+0200","service":"FyersAPIRequest"}
{"level":"DEBUG","location":"[get_call:140] fyersModel","message":{"Status Code":200,"API":"/depth"},"timestamp":"2026-07-28 22:36:30,302+0200","service":"FyersAPIRequest"}
{"level":"DEBUG","location":"[get_call:140] fyersModel","message":{"Status Code":200,"API":"/depth"},"timestamp":"2026-07-28 22:36:31,406+0200","service":"FyersAPIRequest"}
{"level":"DEBUG","location":"[get_call:140] fyersModel","message":{"Status Code":200,"API":"/depth"},"timestamp":"2026-07-28 22:36:32,501+0200","service":"FyersAPIRequest"}
{"level":"DEBUG","location":"[get_call:140] fyersModel","message":{"Status Code":200,"API":"/depth"},"timestamp":"2026-07-28 22:36:33,534+0200","service":"FyersAPIRequest"}
{"level":"DEBUG","location":"[get_call:140] fyersModel","message":{"Status Code":200,"API":"/depth"},"timestamp":"2026-07-28 22:36:34,554+0200","service":"FyersAPIRequest"}
{"level":"DEBUG","location":"[get_call:140] fyersModel","message":{"Status Code":200,"API":"/depth"},"timestamp":"2026-07-28 22:36:35,644+0200","service":"FyersAPIRequest"}
{"level":"DEBUG","location":"[get_call:140] fyersModel","message":{"Status Code":200,"API":"/depth"},"timestamp":"2026-07-28 22:36:36,752+0200","service":"FyersAPIRequest"}
{"level":"DEBUG","location":"[get_call:140] fyersModel","message":{"Status Code":200,"API":"/depth"},"timestamp":"2026-07-28 22:36:37,892+0200","service":"FyersAPIRequest"}
{"level":"DEBUG","location":"[get_call:140] fyersModel","message":{"Status Code":200,"API":"/depth"},"timestamp":"2026-07-28 22:36:39,281+0200","service":"FyersAPIRequest"}
{"level":"DEBUG","location":"[get_call:140] fyersModel","message":{"Status Code":200,"API":"/depth"},"timestamp":"2026-07-28 22:36:40,461+0200","service":"FyersAPIRequest"}
{"level":"DEBUG","location":"[get_call:140] fyersModel","message":{"Status Code":200,"API":"/depth"},"timestamp":"2026-07-28 22:36:41,690+0200","service":"FyersAPIRequest"}
{"level":"DEBUG","location":"[get_call:140] fyersModel","message":{"Status Code":200,"API":"/depth"},"timestamp":"2026-07-28 22:36:42,815+0200","service":"FyersAPIRequest"}
{"level":"DEBUG","location":"[get_call:140] fyersModel","message":{"Status Code":200,"API":"/depth"},"timestamp":"2026-07-28 22:36:43,902+0200","service":"FyersAPIRequest"}
{"level":"DEBUG","location":"[get_call:140] fyersModel","message":{"Status Code":200,"API":"/depth"},"timestamp":"2026-07-28 22:36:45,068+0200","service":"FyersAPIRequest"}
{"level":"DEBUG","location":"[get_call:140] fyersModel","message":{"Status Code":200,"API":"/history"},"timestamp":"2026-07-28 22:36:46,194+0200","service":"FyersAPIRequest"}
{"level":"DEBUG","location":"[get_call:140] fyersModel","message":{"Status Code":200,"API":"/depth"},"timestamp":"2026-07-28 22:36:47,328+0200","service":"FyersAPIRequest"}
{"level":"DEBUG","location":"[get_call:140] fyersModel","message":{"Status Code":200,"API":"/depth"},"timestamp":"2026-07-28 22:36:48,415+0200","service":"FyersAPIRequest"}
{"level":"DEBUG","location":"[get_call:140] fyersModel","message":{"Status Code":200,"API":"/history"},"timestamp":"2026-07-28 22:36:49,551+0200","service":"FyersAPIRequest"}
{"level":"DEBUG","location":"[get_call:140] fyersModel","message":{"Status Code":200,"API":"/depth"},"timestamp":"2026-07-28 22:36:50,631+0200","service":"FyersAPIRequest"}
{"level":"DEBUG","location":"[get_call:140] fyersModel","message":{"Status Code":200,"API":"/depth"},"timestamp":"2026-07-28 22:36:51,653+0200","service":"FyersAPIRequest"}
{"level":"DEBUG","location":"[get_call:140] fyersModel","message":{"Status Code":200,"API":"/history"},"timestamp":"2026-07-28 22:36:52,748+0200","service":"FyersAPIRequest"}
{"level":"DEBUG","location":"[get_call:140] fyersModel","message":{"Status Code":200,"API":"/depth"},"timestamp":"2026-07-28 22:36:53,871+0200","service":"FyersAPIRequest"}
{"level":"DEBUG","location":"[get_call:140] fyersModel","message":{"Status Code":200,"API":"/profile"},"timestamp":"2026-07-28 22:36:54,585+0200","service":"FyersAPIRequest"}
{"level":"DEBUG","location":"[get_call:140] fyersModel","message":{"Status Code":200,"API":"/depth"},"timestamp":"2026-07-28 22:36:55,306+0200","service":"FyersAPIRequest"}
{"level":"DEBUG","location":"[get_call:140] fyersModel","message":{"Status Code":200,"API":"/depth"},"timestamp":"2026-07-28 22:36:55,920+0200","service":"FyersAPIRequest"}
{"level":"DEBUG","location":"[get_call:140] fyersModel","message":{"Status Code":200,"API":"/depth"},"timestamp":"2026-07-28 22:36:56,532+0200","service":"FyersAPIRequest"}
{"level":"DEBUG","location":"[get_call:140] fyersModel","message":{"Status Code":200,"API":"/depth"},"timestamp":"2026-07-28 22:36:57,167+0200","service":"FyersAPIRequest"}
{"level":"DEBUG","location":"[get_call:140] fyersModel","message":{"Status Code":200,"API":"/depth"},"timestamp":"2026-07-28 22:36:57,770+0200","service":"FyersAPIRequest"}
{"level":"DEBUG","location":"[get_call:140] fyersModel","message":{"Status Code":200,"API":"/depth"},"timestamp":"2026-07-28 22:36:58,481+0200","service":"FyersAPIRequest"}
{"level":"DEBUG","location":"[get_call:140] fyersModel","message":{"Status Code":200,"API":"/depth"},"timestamp":"2026-07-28 22:36:59,092+0200","service":"FyersAPIRequest"}
{"level":"DEBUG","location":"[get_call:140] fyersModel","message":{"Status Code":200,"API":"/depth"},"timestamp":"2026-07-28 22:36:59,791+0200","service":"FyersAPIRequest"}
{"level":"DEBUG","location":"[get_call:140] fyersModel","message":{"Status Code":200,"API":"/depth"},"timestamp":"2026-07-28 22:37:00,516+0200","service":"FyersAPIRequest"}
{"level":"DEBUG","location":"[get_call:140] fyersModel","message":{"Status Code":200,"API":"/depth"},"timestamp":"2026-07-28 22:37:01,036+0200","service":"FyersAPIRequest"}
{"level":"DEBUG","location":"[get_call:140] fyersModel","message":{"Status Code":200,"API":"/depth"},"timestamp":"2026-07-28 22:37:01,528+0200","service":"FyersAPIRequest"}
{"level":"DEBUG","location":"[get_call:140] fyersModel","message":{"Status Code":200,"API":"/depth"},"timestamp":"2026-07-28 22:37:02,086+0200","service":"FyersAPIRequest"}
{"level":"DEBUG","location":"[get_call:140] fyersModel","message":{"Status Code":200,"API":"/depth"},"timestamp":"2026-07-28 22:37:02,665+0200","service":"FyersAPIRequest"}
{"level":"DEBUG","location":"[get_call:140] fyersModel","message":{"Status Code":200,"API":"/depth"},"timestamp":"2026-07-28 22:37:03,281+0200","service":"FyersAPIRequest"}
{"level":"DEBUG","location":"[get_call:140] fyersModel","message":{"Status Code":200,"API":"/depth"},"timestamp":"2026-07-28 22:37:03,913+0200","service":"FyersAPIRequest"}
{"level":"DEBUG","location":"[get_call:140] fyersModel","message":{"Status Code":200,"API":"/depth"},"timestamp":"2026-07-28 22:37:04,520+0200","service":"FyersAPIRequest"}
{"level":"DEBUG","location":"[get_call:140] fyersModel","message":{"Status Code":200,"API":"/depth"},"timestamp":"2026-07-28 22:37:05,058+0200","service":"FyersAPIRequest"}
{"level":"DEBUG","location":"[get_call:140] fyersModel","message":{"Status Code":200,"API":"/depth"},"timestamp":"2026-07-28 22:37:05,753+0200","service":"FyersAPIRequest"}
{"level":"DEBUG","location":"[get_call:140] fyersModel","message":{"Status Code":200,"API":"/depth"},"timestamp":"2026-07-28 22:37:06,329+0200","service":"FyersAPIRequest"}
{"level":"DEBUG","location":"[get_call:140] fyersModel","message":{"Status Code":200,"API":"/depth"},"timestamp":"2026-07-28 22:37:06,877+0200","service":"FyersAPIRequest"}
{"level":"DEBUG","location":"[get_call:140] fyersModel","message":{"Status Code":200,"API":"/depth"},"timestamp":"2026-07-28 22:37:07,387+0200","service":"FyersAPIRequest"}
{"level":"DEBUG","location":"[get_call:140] fyersModel","message":{"Status Code":200,"API":"/depth"},"timestamp":"2026-07-28 22:37:07,954+0200","service":"FyersAPIRequest"}
{"level":"DEBUG","location":"[get_call:140] fyersModel","message":{"Status Code":200,"API":"/depth"},"timestamp":"2026-07-28 22:37:08,722+0200","service":"FyersAPIRequest"}
{"level":"DEBUG","location":"[get_call:140] fyersModel","message":{"Status Code":200,"API":"/depth"},"timestamp":"2026-07-28 22:37:09,334+0200","service":"FyersAPIRequest"}
{"level":"DEBUG","location":"[get_call:140] fyersModel","message":{"Status Code":200,"API":"/depth"},"timestamp":"2026-07-28 22:37:09,895+0200","service":"FyersAPIRequest"}
{"level":"DEBUG","location":"[get_call:140] fyersModel","message":{"Status Code":200,"API":"/depth"},"timestamp":"2026-07-28 22:37:10,560+0200","service":"FyersAPIRequest"}
{"level":"DEBUG","location":"[get_call:140] fyersModel","message":{"Status Code":200,"API":"/depth"},"timestamp":"2026-07-28 22:37:11,202+0200","service":"FyersAPIRequest"}
{"level":"DEBUG","location":"[get_call:140] fyersModel","message":{"Status Code":200,"API":"/depth"},"timestamp":"2026-07-28 22:37:11,786+0200","service":"FyersAPIRequest"}
{"level":"DEBUG","location":"[get_call:140] fyersModel","message":{"Status Code":200,"API":"/depth"},"timestamp":"2026-07-28 22:37:12,388+0200","service":"FyersAPIRequest"}
{"level":"DEBUG","location":"[get_call:140] fyersModel","message":{"Status Code":200,"API":"/depth"},"timestamp":"2026-07-28 22:37:12,909+0200","service":"FyersAPIRequest"}
{"level":"DEBUG","location":"[get_call:140] fyersModel","message":{"Status Code":200,"API":"/depth"},"timestamp":"2026-07-28 22:37:13,469+0200","service":"FyersAPIRequest"}
{"level":"DEBUG","location":"[get_call:140] fyersModel","message":{"Status Code":200,"API":"/depth"},"timestamp":"2026-07-28 22:37:14,146+0200","service":"FyersAPIRequest"}
{"level":"DEBUG","location":"[get_call:140] fyersModel","message":{"Status Code":200,"API":"/depth"},"timestamp":"2026-07-28 22:37:14,854+0200","service":"FyersAPIRequest"}
{"level":"DEBUG","location":"[get_call:140] fyersModel","message":{"Status Code":200,"API":"/depth"},"timestamp":"2026-07-28 22:37:15,486+0200","service":"FyersAPIRequest"}
{"level":"DEBUG","location":"[get_call:140] fyersModel","message":{"Status Code":200,"API":"/depth"},"timestamp":"2026-07-28 22:37:16,147+0200","service":"FyersAPIRequest"}
{"level":"DEBUG","location":"[get_call:140] fyersModel","message":{"Status Code":200,"API":"/depth"},"timestamp":"2026-07-28 22:37:16,785+0200","service":"FyersAPIRequest"}
{"level":"DEBUG","location":"[get_call:140] fyersModel","message":{"Status Code":200,"API":"/depth"},"timestamp":"2026-07-28 22:37:17,419+0200","service":"FyersAPIRequest"}
{"level":"DEBUG","location":"[get_call:140] fyersModel","message":{"Status Code":200,"API":"/depth"},"timestamp":"2026-07-28 22:37:17,989+0200","service":"FyersAPIRequest"}
{"level":"DEBUG","location":"[get_call:140] fyersModel","message":{"Status Code":200,"API":"/depth"},"timestamp":"2026-07-28 22:37:18,480+0200","service":"FyersAPIRequest"}
{"level":"DEBUG","location":"[get_call:140] fyersModel","message":{"Status Code":200,"API":"/depth"},"timestamp":"2026-07-28 22:37:19,059+0200","service":"FyersAPIRequest"}
{"level":"DEBUG","location":"[get_call:140] fyersModel","message":{"Status Code":200,"API":"/depth"},"timestamp":"2026-07-28 22:37:19,685+0200","service":"FyersAPIRequest"}
{"level":"DEBUG","location":"[get_call:140] fyersModel","message":{"Status Code":200,"API":"/depth"},"timestamp":"2026-07-28 22:37:20,285+0200","service":"FyersAPIRequest"}
{"level":"DEBUG","location":"[get_call:140] fyersModel","message":{"Status Code":200,"API":"/depth"},"timestamp":"2026-07-28 22:37:21,016+0200","service":"FyersAPIRequest"}
{"level":"DEBUG","location":"[get_call:140] fyersModel","message":{"Status Code":200,"API":"/depth"},"timestamp":"2026-07-28 22:37:21,727+0200","service":"FyersAPIRequest"}
{"level":"DEBUG","location":"[get_call:140] fyersModel","message":{"Status Code":200,"API":"/depth"},"timestamp":"2026-07-28 22:37:22,284+0200","service":"FyersAPIRequest"}
{"level":"DEBUG","location":"[get_call:140] fyersModel","message":{"Status Code":200,"API":"/depth"},"timestamp":"2026-07-28 22:37:22,850+0200","service":"FyersAPIRequest"}
{"level":"DEBUG","location":"[get_call:140] fyersModel","message":{"Status Code":200,"API":"/depth"},"timestamp":"2026-07-28 22:37:23,423+0200","service":"FyersAPIRequest"}
{"level":"DEBUG","location":"[get_call:140] fyersModel","message":{"Status Code":200,"API":"/depth"},"timestamp":"2026-07-28 22:37:24,080+0200","service":"FyersAPIRequest"}
{"level":"DEBUG","location":"[get_call:140] fyersModel","message":{"Status Code":200,"API":"/depth"},"timestamp":"2026-07-28 22:37:24,692+0200","service":"FyersAPIRequest"}
{"level":"DEBUG","location":"[get_call:140] fyersModel","message":{"Status Code":200,"API":"/profile"},"timestamp":"2026-07-28 22:37:25,310+0200","service":"FyersAPIRequest"}
{"level":"DEBUG","location":"[get_call:140] fyersModel","message":{"Status Code":200,"API":"/depth"},"timestamp":"2026-07-28 22:37:25,930+0200","service":"FyersAPIRequest"}
{"level":"DEBUG","location":"[get_call:140] fyersModel","message":{"Status Code":200,"API":"/depth"},"timestamp":"2026-07-28 22:37:26,638+0200","service":"FyersAPIRequest"}
{"level":"DEBUG","location":"[get_call:140] fyersModel","message":{"Status Code":200,"API":"/depth"},"timestamp":"2026-07-28 22:37:27,154+0200","service":"FyersAPIRequest"}
{"level":"DEBUG","location":"[get_call:140] fyersModel","message":{"Status Code":200,"API":"/depth"},"timestamp":"2026-07-28 22:37:27,869+0200","service":"FyersAPIRequest"}
{"level":"DEBUG","location":"[get_call:140] fyersModel","message":{"Status Code":200,"API":"/depth"},"timestamp":"2026-07-28 22:37:28,586+0200","service":"FyersAPIRequest"}
{"level":"DEBUG","location":"[get_call:140] fyersModel","message":{"Status Code":200,"API":"/depth"},"timestamp":"2026-07-28 22:37:29,204+0200","service":"FyersAPIRequest"}
{"level":"DEBUG","location":"[get_call:140] fyersModel","message":{"Status Code":200,"API":"/depth"},"timestamp":"2026-07-28 22:37:29,709+0200","service":"FyersAPIRequest"}
{"level":"DEBUG","location":"[get_call:140] fyersModel","message":{"Status Code":200,"API":"/depth"},"timestamp":"2026-07-28 22:37:30,285+0200","service":"FyersAPIRequest"}
{"level":"DEBUG","location":"[get_call:140] fyersModel","message":{"Status Code":200,"API":"/depth"},"timestamp":"2026-07-28 22:37:30,937+0200","service":"FyersAPIRequest"}
{"level":"DEBUG","location":"[get_call:140] fyersModel","message":{"Status Code":200,"API":"/depth"},"timestamp":"2026-07-28 22:37:31,552+0200","service":"FyersAPIRequest"}
{"level":"DEBUG","location":"[get_call:140] fyersModel","message":{"Status Code":200,"API":"/depth"},"timestamp":"2026-07-28 22:37:32,219+0200","service":"FyersAPIRequest"}
{"level":"DEBUG","location":"[get_call:140] fyersModel","message":{"Status Code":200,"API":"/depth"},"timestamp":"2026-07-28 22:37:32,886+0200","service":"FyersAPIRequest"}
{"level":"DEBUG","location":"[get_call:140] fyersModel","message":{"Status Code":200,"API":"/depth"},"timestamp":"2026-07-28 22:37:33,533+0200","service":"FyersAPIRequest"}
{"level":"DEBUG","location":"[get_call:140] fyersModel","message":{"Status Code":200,"API":"/depth"},"timestamp":"2026-07-28 22:37:34,062+0200","service":"FyersAPIRequest"}
{"level":"DEBUG","location":"[get_call:140] fyersModel","message":{"Status Code":200,"API":"/depth"},"timestamp":"2026-07-28 22:37:34,675+0200","service":"FyersAPIRequest"}
{"level":"DEBUG","location":"[get_call:140] fyersModel","message":{"Status Code":200,"API":"/depth"},"timestamp":"2026-07-28 22:37:35,344+0200","service":"FyersAPIRequest"}
{"level":"DEBUG","location":"[get_call:140] fyersModel","message":{"Status Code":200,"API":"/depth"},"timestamp":"2026-07-28 22:37:35,962+0200","service":"FyersAPIRequest"}
{"level":"DEBUG","location":"[get_call:140] fyersModel","message":{"Status Code":200,"API":"/depth"},"timestamp":"2026-07-28 22:37:36,612+0200","service":"FyersAPIRequest"}
{"level":"DEBUG","location":"[get_call:140] fyersModel","message":{"Status Code":200,"API":"/depth"},"timestamp":"2026-07-28 22:37:37,202+0200","service":"FyersAPIRequest"}
{"level":"DEBUG","location":"[get_call:140] fyersModel","message":{"Status Code":200,"API":"/depth"},"timestamp":"2026-07-28 22:37:37,855+0200","service":"FyersAPIRequest"}
{"level":"DEBUG","location":"[get_call:140] fyersModel","message":{"Status Code":200,"API":"/depth"},"timestamp":"2026-07-28 22:37:38,451+0200","service":"FyersAPIRequest"}
{"level":"DEBUG","location":"[get_call:140] fyersModel","message":{"Status Code":200,"API":"/depth"},"timestamp":"2026-07-28 22:37:39,136+0200","service":"FyersAPIRequest"}
{"level":"DEBUG","location":"[get_call:140] fyersModel","message":{"Status Code":200,"API":"/depth"},"timestamp":"2026-07-28 22:37:39,728+0200","service":"FyersAPIRequest"}
{"level":"DEBUG","location":"[get_call:140] fyersModel","message":{"Status Code":200,"API":"/depth"},"timestamp":"2026-07-28 22:37:40,334+0200","service":"FyersAPIRequest"}
{"level":"DEBUG","location":"[get_call:140] fyersModel","message":{"Status Code":200,"API":"/depth"},"timestamp":"2026-07-28 22:37:40,980+0200","service":"FyersAPIRequest"}
{"level":"DEBUG","location":"[get_call:140] fyersModel","message":{"Status Code":200,"API":"/depth"},"timestamp":"2026-07-28 22:37:41,586+0200","service":"FyersAPIRequest"}
{"level":"DEBUG","location":"[get_call:140] fyersModel","message":{"Status Code":200,"API":"/depth"},"timestamp":"2026-07-28 22:37:42,091+0200","service":"FyersAPIRequest"}
{"level":"DEBUG","location":"[get_call:140] fyersModel","message":{"Status Code":200,"API":"/depth"},"timestamp":"2026-07-28 22:37:42,718+0200","service":"FyersAPIRequest"}
{"level":"DEBUG","location":"[get_call:140] fyersModel","message":{"Status Code":200,"API":"/depth"},"timestamp":"2026-07-28 22:37:43,333+0200","service":"FyersAPIRequest"}
{"level":"DEBUG","location":"[get_call:140] fyersModel","message":{"Status Code":200,"API":"/depth"},"timestamp":"2026-07-28 22:37:44,005+0200","service":"FyersAPIRequest"}
{"level":"DEBUG","location":"[get_call:140] fyersModel","message":{"Status Code":200,"API":"/depth"},"timestamp":"2026-07-28 22:37:44,666+0200","service":"FyersAPIRequest"}
{"level":"DEBUG","location":"[get_call:140] fyersModel","message":{"Status Code":200,"API":"/depth"},"timestamp":"2026-07-28 22:37:45,228+0200","service":"FyersAPIRequest"}
{"level":"DEBUG","location":"[get_call:140] fyersModel","message":{"Status Code":200,"API":"/depth"},"timestamp":"2026-07-28 22:37:45,902+0200","service":"FyersAPIRequest"}
{"level":"DEBUG","location":"[get_call:140] fyersModel","message":{"Status Code":200,"API":"/depth"},"timestamp":"2026-07-28 22:37:46,606+0200","service":"FyersAPIRequest"}
{"level":"DEBUG","location":"[get_call:140] fyersModel","message":{"Status Code":200,"API":"/depth"},"timestamp":"2026-07-28 22:37:47,293+0200","service":"FyersAPIRequest"}
{"level":"DEBUG","location":"[get_call:140] fyersModel","message":{"Status Code":200,"API":"/depth"},"timestamp":"2026-07-28 22:37:47,936+0200","service":"FyersAPIRequest"}
{"level":"DEBUG","location":"[get_call:140] fyersModel","message":{"Status Code":200,"API":"/depth"},"timestamp":"2026-07-28 22:37:48,515+0200","service":"FyersAPIRequest"}
{"level":"DEBUG","location":"[get_call:140] fyersModel","message":{"Status Code":200,"API":"/history"},"timestamp":"2026-07-28 22:37:49,266+0200","service":"FyersAPIRequest"}
{"level":"DEBUG","location":"[get_call:140] fyersModel","message":{"Status Code":200,"API":"/depth"},"timestamp":"2026-07-28 22:37:49,855+0200","service":"FyersAPIRequest"}
{"level":"DEBUG","location":"[get_call:140] fyersModel","message":{"Status Code":200,"API":"/depth"},"timestamp":"2026-07-28 22:37:50,502+0200","service":"FyersAPIRequest"}
{"level":"DEBUG","location":"[get_call:140] fyersModel","message":{"Status Code":200,"API":"/history"},"timestamp":"2026-07-28 22:37:51,130+0200","service":"FyersAPIRequest"}
{"level":"DEBUG","location":"[get_call:140] fyersModel","message":{"Status Code":200,"API":"/depth"},"timestamp":"2026-07-28 22:37:51,727+0200","service":"FyersAPIRequest"}
{"level":"DEBUG","location":"[get_call:140] fyersModel","message":{"Status Code":200,"API":"/depth"},"timestamp":"2026-07-28 22:37:52,312+0200","service":"FyersAPIRequest"}
{"level":"DEBUG","location":"[get_call:140] fyersModel","message":{"Status Code":200,"API":"/history"},"timestamp":"2026-07-28 22:37:52,962+0200","service":"FyersAPIRequest"}
{"level":"DEBUG","location":"[get_call:140] fyersModel","message":{"Status Code":200,"API":"/depth"},"timestamp":"2026-07-28 22:37:53,581+0200","service":"FyersAPIRequest"}
{"level":"DEBUG","location":"[get_call:140] fyersModel","message":{"Status Code":200,"API":"/depth"},"timestamp":"2026-07-28 22:37:54,244+0200","service":"FyersAPIRequest"}
{"level":"DEBUG","location":"[get_call:140] fyersModel","message":{"Status Code":200,"API":"/depth"},"timestamp":"2026-07-28 22:37:54,881+0200","service":"FyersAPIRequest"}
{"level":"DEBUG","location":"[get_call:140] fyersModel","message":{"Status Code":200,"API":"/depth"},"timestamp":"2026-07-28 22:37:55,397+0200","service":"FyersAPIRequest"}
{"level":"DEBUG","location":"[get_call:140] fyersModel","message":{"Status Code":200,"API":"/depth"},"timestamp":"2026-07-28 22:37:55,986+0200","service":"FyersAPIRequest"}
{"level":"DEBUG","location":"[get_call:140] fyersModel","message":{"Status Code":200,"API":"/depth"},"timestamp":"2026-07-28 22:37:56,645+0200","service":"FyersAPIRequest"}
{"level":"DEBUG","location":"[get_call:140] fyersModel","message":{"Status Code":200,"API":"/depth"},"timestamp":"2026-07-28 22:37:57,264+0200","service":"FyersAPIRequest"}
{"level":"DEBUG","location":"[get_call:140] fyersModel","message":{"Status Code":200,"API":"/depth"},"timestamp":"2026-07-28 22:37:57,836+0200","service":"FyersAPIRequest"}
{"level":"DEBUG","location":"[get_call:140] fyersModel","message":{"Status Code":200,"API":"/profile"},"timestamp":"2026-07-28 22:37:58,534+0200","service":"FyersAPIRequest"}
{"level":"DEBUG","location":"[get_call:140] fyersModel","message":{"Status Code":200,"API":"/depth"},"timestamp":"2026-07-28 22:37:59,207+0200","service":"FyersAPIRequest"}
{"level":"DEBUG","location":"[get_call:140] fyersModel","message":{"Status Code":200,"API":"/depth"},"timestamp":"2026-07-28 22:37:59,761+0200","service":"FyersAPIRequest"}
{"level":"DEBUG","location":"[get_call:140] fyersModel","message":{"Status Code":200,"API":"/depth"},"timestamp":"2026-07-28 22:38:00,347+0200","service":"FyersAPIRequest"}
{"level":"DEBUG","location":"[get_call:140] fyersModel","message":{"Status Code":200,"API":"/depth"},"timestamp":"2026-07-28 22:38:00,973+0200","service":"FyersAPIRequest"}
{"level":"DEBUG","location":"[get_call:140] fyersModel","message":{"Status Code":200,"API":"/depth"},"timestamp":"2026-07-28 22:38:01,501+0200","service":"FyersAPIRequest"}
{"level":"DEBUG","location":"[get_call:140] fyersModel","message":{"Status Code":200,"API":"/depth"},"timestamp":"2026-07-28 22:38:02,055+0200","service":"FyersAPIRequest"}
{"level":"DEBUG","location":"[get_call:140] fyersModel","message":{"Status Code":200,"API":"/depth"},"timestamp":"2026-07-28 22:38:02,638+0200","service":"FyersAPIRequest"}
{"level":"DEBUG","location":"[get_call:140] fyersModel","message":{"Status Code":200,"API":"/depth"},"timestamp":"2026-07-28 22:38:03,313+0200","service":"FyersAPIRequest"}
{"level":"DEBUG","location":"[get_call:140] fyersModel","message":{"Status Code":200,"API":"/depth"},"timestamp":"2026-07-28 22:38:04,017+0200","service":"FyersAPIRequest"}
{"level":"DEBUG","location":"[get_call:140] fyersModel","message":{"Status Code":200,"API":"/depth"},"timestamp":"2026-07-28 22:38:04,638+0200","service":"FyersAPIRequest"}
{"level":"DEBUG","location":"[get_call:140] fyersModel","message":{"Status Code":200,"API":"/depth"},"timestamp":"2026-07-28 22:38:05,351+0200","service":"FyersAPIRequest"}
{"level":"DEBUG","location":"[get_call:140] fyersModel","message":{"Status Code":200,"API":"/depth"},"timestamp":"2026-07-28 22:38:05,964+0200","service":"FyersAPIRequest"}
{"level":"DEBUG","location":"[get_call:140] fyersModel","message":{"Status Code":200,"API":"/depth"},"timestamp":"2026-07-28 22:38:06,564+0200","service":"FyersAPIRequest"}
{"level":"DEBUG","location":"[get_call:140] fyersModel","message":{"Status Code":200,"API":"/depth"},"timestamp":"2026-07-28 22:38:07,087+0200","service":"FyersAPIRequest"}
{"level":"DEBUG","location":"[get_call:140] fyersModel","message":{"Status Code":200,"API":"/depth"},"timestamp":"2026-07-28 22:38:07,669+0200","service":"FyersAPIRequest"}
{"level":"DEBUG","location":"[get_call:140] fyersModel","message":{"Status Code":200,"API":"/depth"},"timestamp":"2026-07-28 22:38:08,318+0200","service":"FyersAPIRequest"}
{"level":"DEBUG","location":"[get_call:140] fyersModel","message":{"Status Code":200,"API":"/depth"},"timestamp":"2026-07-28 22:38:08,922+0200","service":"FyersAPIRequest"}
{"level":"DEBUG","location":"[get_call:140] fyersModel","message":{"Status Code":200,"API":"/depth"},"timestamp":"2026-07-28 22:38:09,645+0200","service":"FyersAPIRequest"}
{"level":"DEBUG","location":"[get_call:140] fyersModel","message":{"Status Code":200,"API":"/depth"},"timestamp":"2026-07-28 22:38:10,232+0200","service":"FyersAPIRequest"}
{"level":"DEBUG","location":"[get_call:140] fyersModel","message":{"Status Code":200,"API":"/depth"},"timestamp":"2026-07-28 22:38:10,798+0200","service":"FyersAPIRequest"}
{"level":"DEBUG","location":"[get_call:140] fyersModel","message":{"Status Code":200,"API":"/depth"},"timestamp":"2026-07-28 22:38:11,423+0200","service":"FyersAPIRequest"}
{"level":"DEBUG","location":"[get_call:140] fyersModel","message":{"Status Code":200,"API":"/depth"},"timestamp":"2026-07-28 22:38:12,111+0200","service":"FyersAPIRequest"}
{"level":"DEBUG","location":"[get_call:140] fyersModel","message":{"Status Code":200,"API":"/depth"},"timestamp":"2026-07-28 22:38:12,718+0200","service":"FyersAPIRequest"}
{"level":"DEBUG","location":"[get_call:140] fyersModel","message":{"Status Code":200,"API":"/depth"},"timestamp":"2026-07-28 22:38:13,344+0200","service":"FyersAPIRequest"}
{"level":"DEBUG","location":"[get_call:140] fyersModel","message":{"Status Code":200,"API":"/depth"},"timestamp":"2026-07-28 22:38:13,939+0200","service":"FyersAPIRequest"}
{"level":"DEBUG","location":"[get_call:140] fyersModel","message":{"Status Code":200,"API":"/depth"},"timestamp":"2026-07-28 22:38:14,488+0200","service":"FyersAPIRequest"}
{"level":"DEBUG","location":"[get_call:140] fyersModel","message":{"Status Code":200,"API":"/depth"},"timestamp":"2026-07-28 22:38:15,185+0200","service":"FyersAPIRequest"}
{"level":"DEBUG","location":"[get_call:140] fyersModel","message":{"Status Code":200,"API":"/depth"},"timestamp":"2026-07-28 22:38:15,793+0200","service":"FyersAPIRequest"}
{"level":"DEBUG","location":"[get_call:140] fyersModel","message":{"Status Code":200,"API":"/depth"},"timestamp":"2026-07-28 22:38:16,502+0200","service":"FyersAPIRequest"}
{"level":"DEBUG","location":"[get_call:140] fyersModel","message":{"Status Code":200,"API":"/depth"},"timestamp":"2026-07-28 22:38:17,095+0200","service":"FyersAPIRequest"}
{"level":"DEBUG","location":"[get_call:140] fyersModel","message":{"Status Code":200,"API":"/depth"},"timestamp":"2026-07-28 22:38:17,737+0200","service":"FyersAPIRequest"}
{"level":"DEBUG","location":"[get_call:140] fyersModel","message":{"Status Code":200,"API":"/depth"},"timestamp":"2026-07-28 22:38:18,341+0200","service":"FyersAPIRequest"}
{"level":"DEBUG","location":"[get_call:140] fyersModel","message":{"Status Code":200,"API":"/depth"},"timestamp":"2026-07-28 22:38:19,053+0200","service":"FyersAPIRequest"}
{"level":"DEBUG","location":"[get_call:140] fyersModel","message":{"Status Code":200,"API":"/depth"},"timestamp":"2026-07-28 22:38:19,685+0200","service":"FyersAPIRequest"}
{"level":"DEBUG","location":"[get_call:140] fyersModel","message":{"Status Code":200,"API":"/depth"},"timestamp":"2026-07-28 22:38:20,301+0200","service":"FyersAPIRequest"}
{"level":"DEBUG","location":"[get_call:140] fyersModel","message":{"Status Code":200,"API":"/depth"},"timestamp":"2026-07-28 22:38:20,914+0200","service":"FyersAPIRequest"}
{"level":"DEBUG","location":"[get_call:140] fyersModel","message":{"Status Code":200,"API":"/depth"},"timestamp":"2026-07-28 22:38:21,553+0200","service":"FyersAPIRequest"}
{"level":"DEBUG","location":"[get_call:140] fyersModel","message":{"Status Code":200,"API":"/depth"},"timestamp":"2026-07-28 22:38:22,250+0200","service":"FyersAPIRequest"}
{"level":"DEBUG","location":"[get_call:140] fyersModel","message":{"Status Code":200,"API":"/depth"},"timestamp":"2026-07-28 22:38:22,885+0200","service":"FyersAPIRequest"}
{"level":"DEBUG","location":"[get_call:140] fyersModel","message":{"Status Code":200,"API":"/depth"},"timestamp":"2026-07-28 22:38:23,502+0200","service":"FyersAPIRequest"}
{"level":"DEBUG","location":"[get_call:140] fyersModel","message":{"Status Code":200,"API":"/depth"},"timestamp":"2026-07-28 22:38:24,089+0200","service":"FyersAPIRequest"}
{"level":"DEBUG","location":"[get_call:140] fyersModel","message":{"Status Code":200,"API":"/depth"},"timestamp":"2026-07-28 22:38:24,662+0200","service":"FyersAPIRequest"}
{"level":"DEBUG","location":"[get_call:140] fyersModel","message":{"Status Code":200,"API":"/depth"},"timestamp":"2026-07-28 22:38:25,329+0200","service":"FyersAPIRequest"}
{"level":"DEBUG","location":"[get_call:140] fyersModel","message":{"Status Code":200,"API":"/depth"},"timestamp":"2026-07-28 22:38:26,037+0200","service":"FyersAPIRequest"}
{"level":"DEBUG","location":"[get_call:140] fyersModel","message":{"Status Code":200,"API":"/depth"},"timestamp":"2026-07-28 22:38:26,630+0200","service":"FyersAPIRequest"}
{"level":"DEBUG","location":"[get_call:140] fyersModel","message":{"Status Code":200,"API":"/depth"},"timestamp":"2026-07-28 22:38:27,252+0200","service":"FyersAPIRequest"}
{"level":"DEBUG","location":"[get_call:140] fyersModel","message":{"Status Code":200,"API":"/depth"},"timestamp":"2026-07-28 22:38:27,866+0200","service":"FyersAPIRequest"}
{"level":"DEBUG","location":"[get_call:140] fyersModel","message":{"Status Code":200,"API":"/depth"},"timestamp":"2026-07-28 22:38:28,517+0200","service":"FyersAPIRequest"}
{"level":"DEBUG","location":"[get_call:140] fyersModel","message":{"Status Code":200,"API":"/depth"},"timestamp":"2026-07-28 22:38:29,220+0200","service":"FyersAPIRequest"}
{"level":"DEBUG","location":"[get_call:140] fyersModel","message":{"Status Code":200,"API":"/profile"},"timestamp":"2026-07-28 22:38:29,851+0200","service":"FyersAPIRequest"}
{"level":"DEBUG","location":"[get_call:140] fyersModel","message":{"Status Code":200,"API":"/depth"},"timestamp":"2026-07-28 22:38:30,418+0200","service":"FyersAPIRequest"}
{"level":"DEBUG","location":"[get_call:140] fyersModel","message":{"Status Code":200,"API":"/depth"},"timestamp":"2026-07-28 22:38:30,987+0200","service":"FyersAPIRequest"}
{"level":"DEBUG","location":"[get_call:140] fyersModel","message":{"Status Code":200,"API":"/depth"},"timestamp":"2026-07-28 22:38:31,599+0200","service":"FyersAPIRequest"}
{"level":"DEBUG","location":"[get_call:140] fyersModel","message":{"Status Code":200,"API":"/depth"},"timestamp":"2026-07-28 22:38:32,220+0200","service":"FyersAPIRequest"}
{"level":"DEBUG","location":"[get_call:140] fyersModel","message":{"Status Code":200,"API":"/depth"},"timestamp":"2026-07-28 22:38:32,765+0200","service":"FyersAPIRequest"}
{"level":"DEBUG","location":"[get_call:140] fyersModel","message":{"Status Code":200,"API":"/depth"},"timestamp":"2026-07-28 22:38:33,296+0200","service":"FyersAPIRequest"}
{"level":"DEBUG","location":"[get_call:140] fyersModel","message":{"Status Code":200,"API":"/depth"},"timestamp":"2026-07-28 22:38:33,904+0200","service":"FyersAPIRequest"}
{"level":"DEBUG","location":"[get_call:140] fyersModel","message":{"Status Code":200,"API":"/depth"},"timestamp":"2026-07-28 22:38:34,528+0200","service":"FyersAPIRequest"}
{"level":"DEBUG","location":"[get_call:140] fyersModel","message":{"Status Code":200,"API":"/depth"},"timestamp":"2026-07-28 22:38:35,146+0200","service":"FyersAPIRequest"}
{"level":"DEBUG","location":"[get_call:140] fyersModel","message":{"Status Code":200,"API":"/depth"},"timestamp":"2026-07-28 22:38:35,651+0200","service":"FyersAPIRequest"}
{"level":"DEBUG","location":"[get_call:140] fyersModel","message":{"Status Code":200,"API":"/depth"},"timestamp":"2026-07-28 22:38:36,376+0200","service":"FyersAPIRequest"}
{"level":"DEBUG","location":"[get_call:140] fyersModel","message":{"Status Code":200,"API":"/depth"},"timestamp":"2026-07-28 22:38:36,879+0200","service":"FyersAPIRequest"}
{"level":"DEBUG","location":"[get_call:140] fyersModel","message":{"Status Code":200,"API":"/depth"},"timestamp":"2026-07-28 22:38:37,552+0200","service":"FyersAPIRequest"}
{"level":"DEBUG","location":"[get_call:140] fyersModel","message":{"Status Code":200,"API":"/depth"},"timestamp":"2026-07-28 22:38:38,221+0200","service":"FyersAPIRequest"}
{"level":"DEBUG","location":"[get_call:140] fyersModel","message":{"Status Code":200,"API":"/depth"},"timestamp":"2026-07-28 22:38:38,804+0200","service":"FyersAPIRequest"}
{"level":"DEBUG","location":"[get_call:140] fyersModel","message":{"Status Code":200,"API":"/depth"},"timestamp":"2026-07-28 22:38:39,436+0200","service":"FyersAPIRequest"}
{"level":"DEBUG","location":"[get_call:140] fyersModel","message":{"Status Code":200,"API":"/depth"},"timestamp":"2026-07-28 22:38:40,063+0200","service":"FyersAPIRequest"}
{"level":"DEBUG","location":"[get_call:140] fyersModel","message":{"Status Code":200,"API":"/depth"},"timestamp":"2026-07-28 22:38:40,780+0200","service":"FyersAPIRequest"}
{"level":"DEBUG","location":"[get_call:140] fyersModel","message":{"Status Code":200,"API":"/depth"},"timestamp":"2026-07-28 22:38:41,286+0200","service":"FyersAPIRequest"}
{"level":"DEBUG","location":"[get_call:140] fyersModel","message":{"Status Code":200,"API":"/depth"},"timestamp":"2026-07-28 22:38:41,903+0200","service":"FyersAPIRequest"}
{"level":"DEBUG","location":"[get_call:140] fyersModel","message":{"Status Code":200,"API":"/depth"},"timestamp":"2026-07-28 22:38:42,568+0200","service":"FyersAPIRequest"}
{"level":"DEBUG","location":"[get_call:140] fyersModel","message":{"Status Code":200,"API":"/depth"},"timestamp":"2026-07-28 22:38:43,239+0200","service":"FyersAPIRequest"}
{"level":"DEBUG","location":"[get_call:140] fyersModel","message":{"Status Code":200,"API":"/depth"},"timestamp":"2026-07-28 22:38:43,852+0200","service":"FyersAPIRequest"}
{"level":"DEBUG","location":"[get_call:140] fyersModel","message":{"Status Code":200,"API":"/depth"},"timestamp":"2026-07-28 22:38:44,460+0200","service":"FyersAPIRequest"}
{"level":"DEBUG","location":"[get_call:140] fyersModel","message":{"Status Code":200,"API":"/depth"},"timestamp":"2026-07-28 22:38:45,036+0200","service":"FyersAPIRequest"}
{"level":"DEBUG","location":"[get_call:140] fyersModel","message":{"Status Code":200,"API":"/depth"},"timestamp":"2026-07-28 22:38:45,697+0200","service":"FyersAPIRequest"}
{"level":"DEBUG","location":"[get_call:140] fyersModel","message":{"Status Code":200,"API":"/depth"},"timestamp":"2026-07-28 22:38:46,204+0200","service":"FyersAPIRequest"}
{"level":"DEBUG","location":"[get_call:140] fyersModel","message":{"Status Code":200,"API":"/depth"},"timestamp":"2026-07-28 22:38:46,780+0200","service":"FyersAPIRequest"}
{"level":"DEBUG","location":"[get_call:140] fyersModel","message":{"Status Code":200,"API":"/depth"},"timestamp":"2026-07-28 22:38:47,433+0200","service":"FyersAPIRequest"}
{"level":"DEBUG","location":"[get_call:140] fyersModel","message":{"Status Code":200,"API":"/depth"},"timestamp":"2026-07-28 22:38:48,052+0200","service":"FyersAPIRequest"}
{"level":"DEBUG","location":"[get_call:140] fyersModel","message":{"Status Code":200,"API":"/depth"},"timestamp":"2026-07-28 22:38:48,599+0200","service":"FyersAPIRequest"}
{"level":"DEBUG","location":"[get_call:140] fyersModel","message":{"Status Code":200,"API":"/depth"},"timestamp":"2026-07-28 22:38:49,281+0200","service":"FyersAPIRequest"}
{"level":"DEBUG","location":"[get_call:140] fyersModel","message":{"Status Code":200,"API":"/depth"},"timestamp":"2026-07-28 22:38:49,880+0200","service":"FyersAPIRequest"}
{"level":"DEBUG","location":"[get_call:140] fyersModel","message":{"Status Code":200,"API":"/depth"},"timestamp":"2026-07-28 22:38:50,483+0200","service":"FyersAPIRequest"}
{"level":"DEBUG","location":"[get_call:140] fyersModel","message":{"Status Code":200,"API":"/depth"},"timestamp":"2026-07-28 22:38:51,120+0200","service":"FyersAPIRequest"}
{"level":"DEBUG","location":"[get_call:140] fyersModel","message":{"Status Code":200,"API":"/depth"},"timestamp":"2026-07-28 22:38:51,839+0200","service":"FyersAPIRequest"}
{"level":"DEBUG","location":"[get_call:140] fyersModel","message":{"Status Code":200,"API":"/depth"},"timestamp":"2026-07-28 22:38:52,473+0200","service":"FyersAPIRequest"}
{"level":"DEBUG","location":"[get_call:140] fyersModel","message":{"Status Code":200,"API":"/history"},"timestamp":"2026-07-28 22:38:53,170+0200","service":"FyersAPIRequest"}
{"level":"DEBUG","location":"[get_call:140] fyersModel","message":{"Status Code":200,"API":"/depth"},"timestamp":"2026-07-28 22:38:53,742+0200","service":"FyersAPIRequest"}
{"level":"DEBUG","location":"[get_call:140] fyersModel","message":{"Status Code":200,"API":"/depth"},"timestamp":"2026-07-28 22:38:54,385+0200","service":"FyersAPIRequest"}
{"level":"DEBUG","location":"[get_call:140] fyersModel","message":{"Status Code":200,"API":"/history"},"timestamp":"2026-07-28 22:38:55,011+0200","service":"FyersAPIRequest"}
{"level":"DEBUG","location":"[get_call:140] fyersModel","message":{"Status Code":200,"API":"/depth"},"timestamp":"2026-07-28 22:38:55,561+0200","service":"FyersAPIRequest"}
{"level":"DEBUG","location":"[get_call:140] fyersModel","message":{"Status Code":200,"API":"/depth"},"timestamp":"2026-07-28 22:38:56,176+0200","service":"FyersAPIRequest"}
{"level":"DEBUG","location":"[get_call:140] fyersModel","message":{"Status Code":200,"API":"/history"},"timestamp":"2026-07-28 22:38:56,785+0200","service":"FyersAPIRequest"}
{"level":"DEBUG","location":"[get_call:140] fyersModel","message":{"Status Code":200,"API":"/depth"},"timestamp":"2026-07-28 22:38:57,385+0200","service":"FyersAPIRequest"}
{"level":"DEBUG","location":"[get_call:140] fyersModel","message":{"Status Code":200,"API":"/depth"},"timestamp":"2026-07-28 22:38:57,953+0200","service":"FyersAPIRequest"}
{"level":"DEBUG","location":"[get_call:140] fyersModel","message":{"Status Code":200,"API":"/depth"},"timestamp":"2026-07-28 22:38:58,601+0200","service":"FyersAPIRequest"}
{"level":"DEBUG","location":"[get_call:140] fyersModel","message":{"Status Code":200,"API":"/depth"},"timestamp":"2026-07-28 22:38:59,201+0200","service":"FyersAPIRequest"}
{"level":"DEBUG","location":"[get_call:140] fyersModel","message":{"Status Code":200,"API":"/depth"},"timestamp":"2026-07-28 22:38:59,818+0200","service":"FyersAPIRequest"}
{"level":"DEBUG","location":"[get_call:140] fyersModel","message":{"Status Code":200,"API":"/depth"},"timestamp":"2026-07-28 22:39:00,545+0200","service":"FyersAPIRequest"}
{"level":"DEBUG","location":"[get_call:140] fyersModel","message":{"Status Code":200,"API":"/depth"},"timestamp":"2026-07-28 22:39:01,159+0200","service":"FyersAPIRequest"}
{"level":"DEBUG","location":"[get_call:140] fyersModel","message":{"Status Code":200,"API":"/depth"},"timestamp":"2026-07-28 22:39:01,752+0200","service":"FyersAPIRequest"}
{"level":"DEBUG","location":"[get_call:140] fyersModel","message":{"Status Code":200,"API":"/profile"},"timestamp":"2026-07-28 22:43:09,729+0200","service":"FyersAPIRequest"}
{"level":"DEBUG","location":"[get_call:140] fyersModel","message":{"Status Code":200,"API":"/depth"},"timestamp":"2026-07-28 22:43:10,311+0200","service":"FyersAPIRequest"}
{"level":"DEBUG","location":"[get_call:140] fyersModel","message":{"Status Code":200,"API":"/depth"},"timestamp":"2026-07-28 22:43:12,585+0200","service":"FyersAPIRequest"}
{"level":"DEBUG","location":"[get_call:140] fyersModel","message":{"Status Code":200,"API":"/history"},"timestamp":"2026-07-28 22:43:13,136+0200","service":"FyersAPIRequest"}
{"level":"DEBUG","location":"[get_call:140] fyersModel","message":{"Status Code":200,"API":"/depth"},"timestamp":"2026-07-28 22:43:13,634+0200","service":"FyersAPIRequest"}
{"level":"DEBUG","location":"[get_call:140] fyersModel","message":{"Status Code":200,"API":"/depth"},"timestamp":"2026-07-28 22:43:14,234+0200","service":"FyersAPIRequest"}
{"level":"DEBUG","location":"[get_call:140] fyersModel","message":{"Status Code":200,"API":"/history"},"timestamp":"2026-07-28 22:43:14,917+0200","service":"FyersAPIRequest"}
{"level":"DEBUG","location":"[get_call:140] fyersModel","message":{"Status Code":200,"API":"/depth"},"timestamp":"2026-07-28 22:43:15,626+0200","service":"FyersAPIRequest"}
{"level":"DEBUG","location":"[get_call:140] fyersModel","message":{"Status Code":200,"API":"/depth"},"timestamp":"2026-07-28 22:43:16,436+0200","service":"FyersAPIRequest"}
{"level":"DEBUG","location":"[get_call:140] fyersModel","message":{"Status Code":200,"API":"/history"},"timestamp":"2026-07-28 22:43:17,012+0200","service":"FyersAPIRequest"}
{"level":"DEBUG","location":"[get_call:140] fyersModel","message":{"Status Code":200,"API":"/profile"},"timestamp":"2026-07-28 22:43:38,402+0200","service":"FyersAPIRequest"}
{"level":"DEBUG","location":"[get_call:140] fyersModel","message":{"Status Code":200,"API":"/depth"},"timestamp":"2026-07-28 22:43:39,067+0200","service":"FyersAPIRequest"}
{"level":"DEBUG","location":"[get_call:140] fyersModel","message":{"Status Code":200,"API":"/depth"},"timestamp":"2026-07-28 22:43:41,218+0200","service":"FyersAPIRequest"}
{"level":"DEBUG","location":"[get_call:140] fyersModel","message":{"Status Code":200,"API":"/history"},"timestamp":"2026-07-28 22:43:41,812+0200","service":"FyersAPIRequest"}
{"level":"DEBUG","location":"[get_call:140] fyersModel","message":{"Status Code":200,"API":"/depth"},"timestamp":"2026-07-28 22:43:42,451+0200","service":"FyersAPIRequest"}
{"level":"DEBUG","location":"[get_call:140] fyersModel","message":{"Status Code":200,"API":"/depth"},"timestamp":"2026-07-28 22:43:43,119+0200","service":"FyersAPIRequest"}
{"level":"DEBUG","location":"[get_call:140] fyersModel","message":{"Status Code":200,"API":"/history"},"timestamp":"2026-07-28 22:43:43,786+0200","service":"FyersAPIRequest"}
{"level":"DEBUG","location":"[get_call:140] fyersModel","message":{"Status Code":200,"API":"/depth"},"timestamp":"2026-07-28 22:43:44,386+0200","service":"FyersAPIRequest"}
{"level":"DEBUG","location":"[get_call:140] fyersModel","message":{"Status Code":200,"API":"/depth"},"timestamp":"2026-07-28 22:43:45,219+0200","service":"FyersAPIRequest"}
{"level":"DEBUG","location":"[get_call:140] fyersModel","message":{"Status Code":200,"API":"/history"},"timestamp":"2026-07-28 22:43:45,845+0200","service":"FyersAPIRequest"}
{"level":"DEBUG","location":"[get_call:140] fyersModel","message":{"Status Code":200,"API":"/profile"},"timestamp":"2026-07-28 22:44:43,368+0200","service":"FyersAPIRequest"}
{"level":"DEBUG","location":"[get_call:140] fyersModel","message":{"Status Code":200,"API":"/profile"},"timestamp":"2026-07-28 22:44:43,688+0200","service":"FyersAPIRequest"}
{"level":"DEBUG","location":"[get_call:140] fyersModel","message":{"Status Code":200,"API":"/depth"},"timestamp":"2026-07-28 22:44:43,984+0200","service":"FyersAPIRequest"}
{"level":"DEBUG","location":"[get_call:140] fyersModel","message":{"Status Code":200,"API":"/depth"},"timestamp":"2026-07-28 22:44:44,219+0200","service":"FyersAPIRequest"}
{"level":"DEBUG","location":"[get_call:140] fyersModel","message":{"Status Code":200,"API":"/depth"},"timestamp":"2026-07-28 22:44:46,237+0200","service":"FyersAPIRequest"}
{"level":"DEBUG","location":"[get_call:140] fyersModel","message":{"Status Code":200,"API":"/history"},"timestamp":"2026-07-28 22:44:46,818+0200","service":"FyersAPIRequest"}
{"level":"DEBUG","location":"[get_call:140] fyersModel","message":{"Status Code":200,"API":"/depth"},"timestamp":"2026-07-28 22:44:47,484+0200","service":"FyersAPIRequest"}
{"level":"DEBUG","location":"[get_call:140] fyersModel","message":{"Status Code":200,"API":"/depth"},"timestamp":"2026-07-28 22:44:47,987+0200","service":"FyersAPIRequest"}
{"level":"DEBUG","location":"[get_call:140] fyersModel","message":{"Status Code":200,"API":"/history"},"timestamp":"2026-07-28 22:44:48,690+0200","service":"FyersAPIRequest"}
{"level":"DEBUG","location":"[get_call:140] fyersModel","message":{"Status Code":200,"API":"/depth"},"timestamp":"2026-07-28 22:44:49,328+0200","service":"FyersAPIRequest"}
{"level":"DEBUG","location":"[get_call:140] fyersModel","message":{"Status Code":200,"API":"/depth"},"timestamp":"2026-07-28 22:44:50,005+0200","service":"FyersAPIRequest"}
{"level":"DEBUG","location":"[get_call:140] fyersModel","message":{"Status Code":200,"API":"/history"},"timestamp":"2026-07-28 22:44:50,576+0200","service":"FyersAPIRequest"}
{"level":"DEBUG","location":"[get_call:140] fyersModel","message":{"Status Code":200,"API":"/depth"},"timestamp":"2026-07-28 22:44:51,368+0200","service":"FyersAPIRequest"}
{"level":"DEBUG","location":"[get_call:140] fyersModel","message":{"Status Code":200,"API":"/depth"},"timestamp":"2026-07-28 22:44:51,810+0200","service":"FyersAPIRequest"}
{"level":"DEBUG","location":"[get_call:140] fyersModel","message":{"Status Code":200,"API":"/history"},"timestamp":"2026-07-28 22:44:52,595+0200","service":"FyersAPIRequest"}
{"level":"DEBUG","location":"[get_call:140] fyersModel","message":{"Status Code":200,"API":"/depth"},"timestamp":"2026-07-28 22:44:53,269+0200","service":"FyersAPIRequest"}
{"level":"DEBUG","location":"[get_call:140] fyersModel","message":{"Status Code":200,"API":"/depth"},"timestamp":"2026-07-28 22:44:53,786+0200","service":"FyersAPIRequest"}
{"level":"DEBUG","location":"[get_call:140] fyersModel","message":{"Status Code":200,"API":"/history"},"timestamp":"2026-07-28 22:44:54,411+0200","service":"FyersAPIRequest"}
{"level":"DEBUG","location":"[get_call:140] fyersModel","message":{"Status Code":200,"API":"/depth"},"timestamp":"2026-07-28 22:44:55,413+0200","service":"FyersAPIRequest"}
{"level":"DEBUG","location":"[get_call:140] fyersModel","message":{"Status Code":200,"API":"/history"},"timestamp":"2026-07-28 22:44:56,474+0200","service":"FyersAPIRequest"}
{"level":"DEBUG","location":"[get_call:140] fyersModel","message":{"Status Code":200,"API":"/profile"},"timestamp":"2026-07-28 23:02:17,166+0200","service":"FyersAPIRequest","taskName":"anyio.from_thread.BlockingPortal._call_func"}
{"level":"DEBUG","location":"[get_call:140] fyersModel","message":{"Status Code":200,"API":"/depth"},"timestamp":"2026-07-28 23:02:18,678+0200","service":"FyersAPIRequest","taskName":"anyio.from_thread.BlockingPortal._call_func"}
{"level":"DEBUG","location":"[get_call:140] fyersModel","message":{"Status Code":200,"API":"/depth"},"timestamp":"2026-07-28 23:02:20,937+0200","service":"FyersAPIRequest","taskName":"anyio.from_thread.BlockingPortal._call_func"}
{"level":"DEBUG","location":"[get_call:140] fyersModel","message":{"Status Code":200,"API":"/history"},"timestamp":"2026-07-28 23:02:21,589+0200","service":"FyersAPIRequest","taskName":"anyio.from_thread.BlockingPortal._call_func"}
{"level":"DEBUG","location":"[get_call:140] fyersModel","message":{"Status Code":200,"API":"/depth"},"timestamp":"2026-07-28 23:02:22,263+0200","service":"FyersAPIRequest","taskName":"anyio.from_thread.BlockingPortal._call_func"}
{"level":"DEBUG","location":"[get_call:140] fyersModel","message":{"Status Code":200,"API":"/depth"},"timestamp":"2026-07-28 23:02:22,924+0200","service":"FyersAPIRequest","taskName":"anyio.from_thread.BlockingPortal._call_func"}
{"level":"DEBUG","location":"[get_call:140] fyersModel","message":{"Status Code":200,"API":"/history"},"timestamp":"2026-07-28 23:02:23,611+0200","service":"FyersAPIRequest","taskName":"anyio.from_thread.BlockingPortal._call_func"}
{"level":"DEBUG","location":"[get_call:140] fyersModel","message":{"Status Code":200,"API":"/depth"},"timestamp":"2026-07-28 23:02:24,256+0200","service":"FyersAPIRequest","taskName":"anyio.from_thread.BlockingPortal._call_func"}
{"level":"DEBUG","location":"[get_call:140] fyersModel","message":{"Status Code":200,"API":"/depth"},"timestamp":"2026-07-28 23:02:25,067+0200","service":"FyersAPIRequest","taskName":"anyio.from_thread.BlockingPortal._call_func"}
{"level":"DEBUG","location":"[get_call:140] fyersModel","message":{"Status Code":200,"API":"/history"},"timestamp":"2026-07-28 23:02:25,782+0200","service":"FyersAPIRequest","taskName":"anyio.from_thread.BlockingPortal._call_func"}
{"level":"DEBUG","location":"[get_call:140] fyersModel","message":{"Status Code":200,"API":"/depth"},"timestamp":"2026-07-28 23:02:26,509+0200","service":"FyersAPIRequest","taskName":"anyio.from_thread.BlockingPortal._call_func"}
{"level":"DEBUG","location":"[get_call:140] fyersModel","message":{"Status Code":200,"API":"/depth"},"timestamp":"2026-07-28 23:02:27,118+0200","service":"FyersAPIRequest","taskName":"anyio.from_thread.BlockingPortal._call_func"}
{"level":"DEBUG","location":"[get_call:140] fyersModel","message":{"Status Code":200,"API":"/depth"},"timestamp":"2026-07-28 23:02:27,833+0200","service":"FyersAPIRequest","taskName":"anyio.from_thread.BlockingPortal._call_func"}
{"level":"DEBUG","location":"[get_call:140] fyersModel","message":{"Status Code":200,"API":"/depth"},"timestamp":"2026-07-28 23:02:37,866+0200","service":"FyersAPIRequest","taskName":"anyio.from_thread.BlockingPortal._call_func"}
{"level":"DEBUG","location":"[get_call:140] fyersModel","message":{"Status Code":200,"API":"/depth"},"timestamp":"2026-07-28 23:02:38,582+0200","service":"FyersAPIRequest","taskName":"anyio.from_thread.BlockingPortal._call_func"}
{"level":"DEBUG","location":"[get_call:140] fyersModel","message":{"Status Code":200,"API":"/depth"},"timestamp":"2026-07-28 23:02:39,109+0200","service":"FyersAPIRequest","taskName":"anyio.from_thread.BlockingPortal._call_func"}
{"level":"DEBUG","location":"[get_call:140] fyersModel","message":{"Status Code":200,"API":"/depth"},"timestamp":"2026-07-28 23:02:39,707+0200","service":"FyersAPIRequest","taskName":"anyio.from_thread.BlockingPortal._call_func"}
{"level":"DEBUG","location":"[get_call:140] fyersModel","message":{"Status Code":200,"API":"/depth"},"timestamp":"2026-07-28 23:02:40,435+0200","service":"FyersAPIRequest","taskName":"anyio.from_thread.BlockingPortal._call_func"}
{"level":"DEBUG","location":"[get_call:140] fyersModel","message":{"Status Code":200,"API":"/depth"},"timestamp":"2026-07-28 23:02:41,054+0200","service":"FyersAPIRequest","taskName":"anyio.from_thread.BlockingPortal._call_func"}
{"level":"DEBUG","location":"[get_call:140] fyersModel","message":{"Status Code":200,"API":"/depth"},"timestamp":"2026-07-28 23:02:41,682+0200","service":"FyersAPIRequest","taskName":"anyio.from_thread.BlockingPortal._call_func"}
{"level":"DEBUG","location":"[get_call:140] fyersModel","message":{"Status Code":200,"API":"/depth"},"timestamp":"2026-07-28 23:02:42,374+0200","service":"FyersAPIRequest","taskName":"anyio.from_thread.BlockingPortal._call_func"}
{"level":"DEBUG","location":"[get_call:140] fyersModel","message":{"Status Code":200,"API":"/depth"},"timestamp":"2026-07-28 23:02:42,984+0200","service":"FyersAPIRequest","taskName":"anyio.from_thread.BlockingPortal._call_func"}
{"level":"DEBUG","location":"[get_call:140] fyersModel","message":{"Status Code":200,"API":"/depth"},"timestamp":"2026-07-28 23:02:43,634+0200","service":"FyersAPIRequest"}
{"level":"DEBUG","location":"[get_call:140] fyersModel","message":{"Status Code":200,"API":"/depth"},"timestamp":"2026-07-28 23:02:44,252+0200","service":"FyersAPIRequest"}
{"level":"DEBUG","location":"[get_call:140] fyersModel","message":{"Status Code":200,"API":"/depth"},"timestamp":"2026-07-28 23:02:44,759+0200","service":"FyersAPIRequest"}
{"level":"DEBUG","location":"[get_call:140] fyersModel","message":{"Status Code":200,"API":"/depth"},"timestamp":"2026-07-28 23:02:45,382+0200","service":"FyersAPIRequest"}
{"level":"DEBUG","location":"[get_call:140] fyersModel","message":{"Status Code":200,"API":"/depth"},"timestamp":"2026-07-28 23:02:45,871+0200","service":"FyersAPIRequest"}
{"level":"DEBUG","location":"[get_call:140] fyersModel","message":{"Status Code":200,"API":"/depth"},"timestamp":"2026-07-28 23:02:46,499+0200","service":"FyersAPIRequest"}
{"level":"DEBUG","location":"[get_call:140] fyersModel","message":{"Status Code":200,"API":"/profile"},"timestamp":"2026-07-28 23:06:43,572+0200","service":"FyersAPIRequest","taskName":"Task-2"}
{"level":"DEBUG","location":"[get_call:140] fyersModel","message":{"Status Code":200,"API":"/depth"},"timestamp":"2026-07-28 23:06:44,168+0200","service":"FyersAPIRequest","taskName":"Task-2"}
{"level":"DEBUG","location":"[get_call:140] fyersModel","message":{"Status Code":200,"API":"/depth"},"timestamp":"2026-07-28 23:06:46,295+0200","service":"FyersAPIRequest","taskName":"Task-2"}
{"level":"DEBUG","location":"[get_call:140] fyersModel","message":{"Status Code":200,"API":"/history"},"timestamp":"2026-07-28 23:06:46,890+0200","service":"FyersAPIRequest","taskName":"Task-2"}
{"level":"DEBUG","location":"[get_call:140] fyersModel","message":{"Status Code":200,"API":"/depth"},"timestamp":"2026-07-28 23:06:47,528+0200","service":"FyersAPIRequest","taskName":"Task-2"}
{"level":"DEBUG","location":"[get_call:140] fyersModel","message":{"Status Code":200,"API":"/depth"},"timestamp":"2026-07-28 23:06:48,245+0200","service":"FyersAPIRequest","taskName":"Task-2"}
{"level":"DEBUG","location":"[get_call:140] fyersModel","message":{"Status Code":200,"API":"/history"},"timestamp":"2026-07-28 23:06:48,855+0200","service":"FyersAPIRequest","taskName":"Task-2"}
{"level":"DEBUG","location":"[get_call:140] fyersModel","message":{"Status Code":200,"API":"/depth"},"timestamp":"2026-07-28 23:06:49,466+0200","service":"FyersAPIRequest","taskName":"Task-2"}
{"level":"DEBUG","location":"[get_call:140] fyersModel","message":{"Status Code":200,"API":"/depth"},"timestamp":"2026-07-28 23:06:50,193+0200","service":"FyersAPIRequest","taskName":"Task-2"}
{"level":"DEBUG","location":"[get_call:140] fyersModel","message":{"Status Code":200,"API":"/history"},"timestamp":"2026-07-28 23:06:50,786+0200","service":"FyersAPIRequest","taskName":"Task-2"}
{"level":"DEBUG","location":"[get_call:140] fyersModel","message":{"Status Code":200,"API":"/depth"},"timestamp":"2026-07-28 23:06:51,390+0200","service":"FyersAPIRequest","taskName":"Task-2"}
{"level":"DEBUG","location":"[get_call:140] fyersModel","message":{"Status Code":200,"API":"/depth"},"timestamp":"2026-07-28 23:06:52,028+0200","service":"FyersAPIRequest","taskName":"Task-2"}
{"level":"DEBUG","location":"[get_call:140] fyersModel","message":{"Status Code":200,"API":"/depth"},"timestamp":"2026-07-28 23:06:52,702+0200","service":"FyersAPIRequest","taskName":"Task-2"}
{"level":"DEBUG","location":"[get_call:140] fyersModel","message":{"Status Code":200,"API":"/depth"},"timestamp":"2026-07-28 23:06:53,373+0200","service":"FyersAPIRequest","taskName":"Task-2"}
{"level":"DEBUG","location":"[get_call:140] fyersModel","message":{"Status Code":200,"API":"/depth"},"timestamp":"2026-07-28 23:06:55,814+0200","service":"FyersAPIRequest"}
{"level":"DEBUG","location":"[get_call:140] fyersModel","message":{"Status Code":200,"API":"/depth"},"timestamp":"2026-07-28 23:06:56,532+0200","service":"FyersAPIRequest"}
{"level":"DEBUG","location":"[get_call:140] fyersModel","message":{"Status Code":200,"API":"/depth"},"timestamp":"2026-07-28 23:06:57,150+0200","service":"FyersAPIRequest"}
{"level":"DEBUG","location":"[get_call:140] fyersModel","message":{"Status Code":200,"API":"/depth"},"timestamp":"2026-07-28 23:06:57,890+0200","service":"FyersAPIRequest"}
{"level":"DEBUG","location":"[get_call:140] fyersModel","message":{"Status Code":200,"API":"/depth"},"timestamp":"2026-07-28 23:06:58,465+0200","service":"FyersAPIRequest"}
{"level":"DEBUG","location":"[get_call:140] fyersModel","message":{"Status Code":200,"API":"/depth"},"timestamp":"2026-07-28 23:06:58,598+0200","service":"FyersAPIRequest"}
{"level":"DEBUG","location":"[get_call:140] fyersModel","message":{"Status Code":200,"API":"/depth"},"timestamp":"2026-07-28 23:06:59,077+0200","service":"FyersAPIRequest"}
{"level":"DEBUG","location":"[get_call:140] fyersModel","message":{"Status Code":200,"API":"/depth"},"timestamp":"2026-07-28 23:06:59,181+0200","service":"FyersAPIRequest"}
{"level":"DEBUG","location":"[get_call:140] fyersModel","message":{"Status Code":200,"API":"/depth"},"timestamp":"2026-07-28 23:06:59,807+0200","service":"FyersAPIRequest"}
{"level":"DEBUG","location":"[get_call:140] fyersModel","message":{"Status Code":200,"API":"/depth"},"timestamp":"2026-07-28 23:06:59,919+0200","service":"FyersAPIRequest"}
{"level":"DEBUG","location":"[get_call:140] fyersModel","message":{"Status Code":200,"API":"/depth"},"timestamp":"2026-07-28 23:07:00,575+0200","service":"FyersAPIRequest"}
{"level":"DEBUG","location":"[get_call:140] fyersModel","message":{"Status Code":200,"API":"/depth"},"timestamp":"2026-07-28 23:07:01,201+0200","service":"FyersAPIRequest"}
{"level":"DEBUG","location":"[get_call:140] fyersModel","message":{"Status Code":200,"API":"/depth"},"timestamp":"2026-07-28 23:07:01,842+0200","service":"FyersAPIRequest"}
{"level":"DEBUG","location":"[get_call:140] fyersModel","message":{"Status Code":200,"API":"/depth"},"timestamp":"2026-07-28 23:07:02,478+0200","service":"FyersAPIRequest"}
{"level":"DEBUG","location":"[get_call:140] fyersModel","message":{"Status Code":200,"API":"/profile"},"timestamp":"2026-07-28 23:11:31,277+0200","service":"FyersAPIRequest","taskName":"Task-2"}
{"level":"DEBUG","location":"[get_call:140] fyersModel","message":{"Status Code":200,"API":"/depth"},"timestamp":"2026-07-28 23:11:31,870+0200","service":"FyersAPIRequest","taskName":"Task-2"}
{"level":"DEBUG","location":"[get_call:140] fyersModel","message":{"Status Code":200,"API":"/depth"},"timestamp":"2026-07-28 23:11:34,162+0200","service":"FyersAPIRequest","taskName":"Task-2"}
{"level":"DEBUG","location":"[get_call:140] fyersModel","message":{"Status Code":200,"API":"/history"},"timestamp":"2026-07-28 23:11:34,722+0200","service":"FyersAPIRequest","taskName":"Task-2"}
{"level":"DEBUG","location":"[get_call:140] fyersModel","message":{"Status Code":200,"API":"/depth"},"timestamp":"2026-07-28 23:11:35,311+0200","service":"FyersAPIRequest","taskName":"Task-2"}
{"level":"DEBUG","location":"[get_call:140] fyersModel","message":{"Status Code":200,"API":"/depth"},"timestamp":"2026-07-28 23:11:35,930+0200","service":"FyersAPIRequest","taskName":"Task-2"}
{"level":"DEBUG","location":"[get_call:140] fyersModel","message":{"Status Code":200,"API":"/history"},"timestamp":"2026-07-28 23:11:36,592+0200","service":"FyersAPIRequest","taskName":"Task-2"}
{"level":"DEBUG","location":"[get_call:140] fyersModel","message":{"Status Code":200,"API":"/depth"},"timestamp":"2026-07-28 23:11:37,220+0200","service":"FyersAPIRequest","taskName":"Task-2"}
{"level":"DEBUG","location":"[get_call:140] fyersModel","message":{"Status Code":200,"API":"/depth"},"timestamp":"2026-07-28 23:11:38,234+0200","service":"FyersAPIRequest","taskName":"Task-2"}
{"level":"DEBUG","location":"[get_call:140] fyersModel","message":{"Status Code":200,"API":"/history"},"timestamp":"2026-07-28 23:11:38,813+0200","service":"FyersAPIRequest","taskName":"Task-2"}
{"level":"DEBUG","location":"[get_call:140] fyersModel","message":{"Status Code":200,"API":"/depth"},"timestamp":"2026-07-28 23:11:39,677+0200","service":"FyersAPIRequest","taskName":"Task-2"}
{"level":"DEBUG","location":"[get_call:140] fyersModel","message":{"Status Code":200,"API":"/depth"},"timestamp":"2026-07-28 23:11:40,277+0200","service":"FyersAPIRequest","taskName":"Task-2"}
{"level":"DEBUG","location":"[get_call:140] fyersModel","message":{"Status Code":200,"API":"/depth"},"timestamp":"2026-07-28 23:11:40,870+0200","service":"FyersAPIRequest","taskName":"Task-2"}
{"level":"DEBUG","location":"[get_call:140] fyersModel","message":{"Status Code":200,"API":"/depth"},"timestamp":"2026-07-28 23:11:41,507+0200","service":"FyersAPIRequest","taskName":"Task-2"}
{"level":"DEBUG","location":"[get_call:140] fyersModel","message":{"Status Code":200,"API":"/depth"},"timestamp":"2026-07-28 23:11:43,567+0200","service":"FyersAPIRequest"}
{"level":"DEBUG","location":"[get_call:140] fyersModel","message":{"Status Code":200,"API":"/depth"},"timestamp":"2026-07-28 23:11:44,179+0200","service":"FyersAPIRequest"}
{"level":"DEBUG","location":"[get_call:140] fyersModel","message":{"Status Code":200,"API":"/depth"},"timestamp":"2026-07-28 23:11:44,866+0200","service":"FyersAPIRequest"}
{"level":"DEBUG","location":"[get_call:140] fyersModel","message":{"Status Code":200,"API":"/depth"},"timestamp":"2026-07-28 23:11:45,745+0200","service":"FyersAPIRequest"}
{"level":"DEBUG","location":"[get_call:140] fyersModel","message":{"Status Code":200,"API":"/depth"},"timestamp":"2026-07-28 23:11:45,949+0200","service":"FyersAPIRequest"}
{"level":"DEBUG","location":"[get_call:140] fyersModel","message":{"Status Code":200,"API":"/depth"},"timestamp":"2026-07-28 23:11:46,514+0200","service":"FyersAPIRequest"}
{"level":"DEBUG","location":"[get_call:140] fyersModel","message":{"Status Code":200,"API":"/depth"},"timestamp":"2026-07-28 23:11:46,731+0200","service":"FyersAPIRequest"}
{"level":"DEBUG","location":"[get_call:140] fyersModel","message":{"Status Code":200,"API":"/depth"},"timestamp":"2026-07-28 23:11:47,315+0200","service":"FyersAPIRequest"}
{"level":"DEBUG","location":"[get_call:140] fyersModel","message":{"Status Code":200,"API":"/depth"},"timestamp":"2026-07-28 23:11:47,447+0200","service":"FyersAPIRequest"}
{"level":"DEBUG","location":"[get_call:140] fyersModel","message":{"Status Code":200,"API":"/depth"},"timestamp":"2026-07-28 23:11:47,981+0200","service":"FyersAPIRequest"}
{"level":"DEBUG","location":"[get_call:140] fyersModel","message":{"Status Code":200,"API":"/depth"},"timestamp":"2026-07-28 23:11:48,164+0200","service":"FyersAPIRequest"}
{"level":"DEBUG","location":"[get_call:140] fyersModel","message":{"Status Code":200,"API":"/depth"},"timestamp":"2026-07-28 23:11:48,790+0200","service":"FyersAPIRequest"}
{"level":"DEBUG","location":"[get_call:140] fyersModel","message":{"Status Code":200,"API":"/depth"},"timestamp":"2026-07-28 23:11:49,417+0200","service":"FyersAPIRequest"}
{"level":"DEBUG","location":"[get_call:140] fyersModel","message":{"Status Code":200,"API":"/depth"},"timestamp":"2026-07-28 23:11:50,015+0200","service":"FyersAPIRequest"}
{"level":"DEBUG","location":"[get_call:140] fyersModel","message":{"Status Code":200,"API":"/profile"},"timestamp":"2026-07-28 23:12:03,611+0200","service":"FyersAPIRequest"}
{"level":"DEBUG","location":"[get_call:140] fyersModel","message":{"Status Code":200,"API":"/profile"},"timestamp":"2026-07-28 23:12:04,547+0200","service":"FyersAPIRequest"}
{"level":"DEBUG","location":"[get_call:140] fyersModel","message":{"Status Code":200,"API":"/profile"},"timestamp":"2026-07-28 23:15:56,331+0200","service":"FyersAPIRequest","taskName":"Task-2"}
{"level":"DEBUG","location":"[get_call:140] fyersModel","message":{"Status Code":200,"API":"/depth"},"timestamp":"2026-07-28 23:15:56,880+0200","service":"FyersAPIRequest","taskName":"Task-2"}
{"level":"DEBUG","location":"[get_call:140] fyersModel","message":{"Status Code":200,"API":"/depth"},"timestamp":"2026-07-28 23:15:59,260+0200","service":"FyersAPIRequest","taskName":"Task-2"}
{"level":"DEBUG","location":"[get_call:140] fyersModel","message":{"Status Code":200,"API":"/history"},"timestamp":"2026-07-28 23:16:00,136+0200","service":"FyersAPIRequest","taskName":"Task-2"}
{"level":"DEBUG","location":"[get_call:140] fyersModel","message":{"Status Code":200,"API":"/depth"},"timestamp":"2026-07-28 23:16:00,799+0200","service":"FyersAPIRequest","taskName":"Task-2"}
{"level":"DEBUG","location":"[get_call:140] fyersModel","message":{"Status Code":200,"API":"/depth"},"timestamp":"2026-07-28 23:16:01,401+0200","service":"FyersAPIRequest","taskName":"Task-2"}
{"level":"DEBUG","location":"[get_call:140] fyersModel","message":{"Status Code":200,"API":"/history"},"timestamp":"2026-07-28 23:16:02,018+0200","service":"FyersAPIRequest","taskName":"Task-2"}
{"level":"DEBUG","location":"[get_call:140] fyersModel","message":{"Status Code":200,"API":"/depth"},"timestamp":"2026-07-28 23:16:02,554+0200","service":"FyersAPIRequest","taskName":"Task-2"}
{"level":"DEBUG","location":"[get_call:140] fyersModel","message":{"Status Code":200,"API":"/depth"},"timestamp":"2026-07-28 23:16:03,464+0200","service":"FyersAPIRequest","taskName":"Task-2"}
{"level":"DEBUG","location":"[get_call:140] fyersModel","message":{"Status Code":200,"API":"/history"},"timestamp":"2026-07-28 23:16:04,091+0200","service":"FyersAPIRequest","taskName":"Task-2"}
{"level":"DEBUG","location":"[get_call:140] fyersModel","message":{"Status Code":200,"API":"/depth"},"timestamp":"2026-07-28 23:16:04,712+0200","service":"FyersAPIRequest","taskName":"Task-2"}
{"level":"DEBUG","location":"[get_call:140] fyersModel","message":{"Status Code":200,"API":"/depth"},"timestamp":"2026-07-28 23:16:05,322+0200","service":"FyersAPIRequest","taskName":"Task-2"}
{"level":"DEBUG","location":"[get_call:140] fyersModel","message":{"Status Code":200,"API":"/depth"},"timestamp":"2026-07-28 23:16:06,014+0200","service":"FyersAPIRequest","taskName":"Task-2"}
{"level":"DEBUG","location":"[get_call:140] fyersModel","message":{"Status Code":200,"API":"/depth"},"timestamp":"2026-07-28 23:16:07,148+0200","service":"FyersAPIRequest","taskName":"Task-2"}
{"level":"DEBUG","location":"[get_call:140] fyersModel","message":{"Status Code":200,"API":"/depth"},"timestamp":"2026-07-28 23:16:11,434+0200","service":"FyersAPIRequest"}
{"level":"DEBUG","location":"[get_call:140] fyersModel","message":{"Status Code":200,"API":"/depth"},"timestamp":"2026-07-28 23:16:12,575+0200","service":"FyersAPIRequest"}
{"level":"DEBUG","location":"[get_call:140] fyersModel","message":{"Status Code":200,"API":"/depth"},"timestamp":"2026-07-28 23:16:13,684+0200","service":"FyersAPIRequest"}
{"level":"DEBUG","location":"[get_call:140] fyersModel","message":{"Status Code":200,"API":"/depth"},"timestamp":"2026-07-28 23:16:14,810+0200","service":"FyersAPIRequest"}
{"level":"DEBUG","location":"[get_call:140] fyersModel","message":{"Status Code":200,"API":"/depth"},"timestamp":"2026-07-28 23:16:16,419+0200","service":"FyersAPIRequest"}
{"level":"DEBUG","location":"[get_call:140] fyersModel","message":{"Status Code":200,"API":"/depth"},"timestamp":"2026-07-28 23:16:17,563+0200","service":"FyersAPIRequest"}
{"level":"DEBUG","location":"[get_call:140] fyersModel","message":{"Status Code":200,"API":"/depth"},"timestamp":"2026-07-28 23:16:18,666+0200","service":"FyersAPIRequest"}
{"level":"DEBUG","location":"[get_call:140] fyersModel","message":{"Status Code":200,"API":"/profile"},"timestamp":"2026-07-28 23:16:31,832+0200","service":"FyersAPIRequest"}
{"level":"DEBUG","location":"[get_call:140] fyersModel","message":{"Status Code":200,"API":"/profile"},"timestamp":"2026-07-28 23:16:32,864+0200","service":"FyersAPIRequest"}
{"level":"DEBUG","location":"[get_call:140] fyersModel","message":{"Status Code":200,"API":"/profile"},"timestamp":"2026-07-28 23:25:51,779+0200","service":"FyersAPIRequest","taskName":"Task-2"}
{"level":"DEBUG","location":"[get_call:140] fyersModel","message":{"Status Code":200,"API":"/depth"},"timestamp":"2026-07-28 23:25:52,176+0200","service":"FyersAPIRequest","taskName":"Task-2"}
{"level":"DEBUG","location":"[get_call:140] fyersModel","message":{"Status Code":200,"API":"/depth"},"timestamp":"2026-07-28 23:25:53,959+0200","service":"FyersAPIRequest","taskName":"Task-2"}
{"level":"DEBUG","location":"[get_call:140] fyersModel","message":{"Status Code":200,"API":"/history"},"timestamp":"2026-07-28 23:25:54,366+0200","service":"FyersAPIRequest","taskName":"Task-2"}
{"level":"DEBUG","location":"[get_call:140] fyersModel","message":{"Status Code":200,"API":"/depth"},"timestamp":"2026-07-28 23:25:54,764+0200","service":"FyersAPIRequest","taskName":"Task-2"}
{"level":"DEBUG","location":"[get_call:140] fyersModel","message":{"Status Code":200,"API":"/depth"},"timestamp":"2026-07-28 23:25:55,180+0200","service":"FyersAPIRequest","taskName":"Task-2"}
{"level":"DEBUG","location":"[get_call:140] fyersModel","message":{"Status Code":200,"API":"/history"},"timestamp":"2026-07-28 23:25:55,657+0200","service":"FyersAPIRequest","taskName":"Task-2"}
{"level":"DEBUG","location":"[get_call:140] fyersModel","message":{"Status Code":200,"API":"/depth"},"timestamp":"2026-07-28 23:25:56,056+0200","service":"FyersAPIRequest","taskName":"Task-2"}
{"level":"DEBUG","location":"[get_call:140] fyersModel","message":{"Status Code":200,"API":"/depth"},"timestamp":"2026-07-28 23:25:56,746+0200","service":"FyersAPIRequest","taskName":"Task-2"}
{"level":"DEBUG","location":"[get_call:140] fyersModel","message":{"Status Code":200,"API":"/history"},"timestamp":"2026-07-28 23:25:57,151+0200","service":"FyersAPIRequest","taskName":"Task-2"}
{"level":"DEBUG","location":"[get_call:140] fyersModel","message":{"Status Code":200,"API":"/depth"},"timestamp":"2026-07-28 23:25:57,547+0200","service":"FyersAPIRequest","taskName":"Task-2"}
{"level":"DEBUG","location":"[get_call:140] fyersModel","message":{"Status Code":200,"API":"/depth"},"timestamp":"2026-07-28 23:25:57,947+0200","service":"FyersAPIRequest","taskName":"Task-2"}
{"level":"DEBUG","location":"[get_call:140] fyersModel","message":{"Status Code":200,"API":"/depth"},"timestamp":"2026-07-28 23:25:58,341+0200","service":"FyersAPIRequest","taskName":"Task-2"}
{"level":"DEBUG","location":"[get_call:140] fyersModel","message":{"Status Code":200,"API":"/depth"},"timestamp":"2026-07-28 23:25:58,732+0200","service":"FyersAPIRequest","taskName":"Task-2"}
{"level":"DEBUG","location":"[get_call:140] fyersModel","message":{"Status Code":200,"API":"/depth"},"timestamp":"2026-07-28 23:26:00,203+0200","service":"FyersAPIRequest"}
{"level":"DEBUG","location":"[get_call:140] fyersModel","message":{"Status Code":200,"API":"/depth"},"timestamp":"2026-07-28 23:26:00,634+0200","service":"FyersAPIRequest"}
{"level":"DEBUG","location":"[get_call:140] fyersModel","message":{"Status Code":200,"API":"/depth"},"timestamp":"2026-07-28 23:26:01,049+0200","service":"FyersAPIRequest"}
{"level":"DEBUG","location":"[get_call:140] fyersModel","message":{"Status Code":200,"API":"/depth"},"timestamp":"2026-07-28 23:26:01,457+0200","service":"FyersAPIRequest"}
{"level":"DEBUG","location":"[get_call:140] fyersModel","message":{"Status Code":200,"API":"/depth"},"timestamp":"2026-07-28 23:26:01,849+0200","service":"FyersAPIRequest"}
{"level":"DEBUG","location":"[get_call:140] fyersModel","message":{"Status Code":200,"API":"/depth"},"timestamp":"2026-07-28 23:26:02,236+0200","service":"FyersAPIRequest"}
{"level":"DEBUG","location":"[get_call:140] fyersModel","message":{"Status Code":200,"API":"/depth"},"timestamp":"2026-07-28 23:26:02,623+0200","service":"FyersAPIRequest"}
{"level":"DEBUG","location":"[get_call:140] fyersModel","message":{"Status Code":200,"API":"/profile"},"timestamp":"2026-07-28 23:26:27,966+0200","service":"FyersAPIRequest"}
{"level":"DEBUG","location":"[get_call:140] fyersModel","message":{"Status Code":200,"API":"/profile"},"timestamp":"2026-07-28 23:27:04,868+0200","service":"FyersAPIRequest"}
{"level":"DEBUG","location":"[get_call:140] fyersModel","message":{"Status Code":200,"API":"/profile"},"timestamp":"2026-07-28 23:27:05,451+0200","service":"FyersAPIRequest"}
